"Date","1 oz","1/2 oz","1/4 oz"
"Selling","Buying","Selling","Buying","Selling","Buying"
"02 Jan 2020","6,590","6,334","3,357","3,167","1,710","1,583"
"03 Jan 2020","6,633","6,378","3,379","3,189","1,721","1,595"
"06 Jan 2020","6,825","6,559","3,477","3,280","1,771","1,640"
"07 Jan 2020","6,800","6,538","3,464","3,269","1,764","1,635"
"08 Jan 2020","6,968","6,700","3,550","3,350","1,808","1,675"
"09 Jan 2020","6,747","6,485","3,437","3,242","1,750","1,621"
"10 Jan 2020","6,733","6,471","3,430","3,235","1,747","1,618"
"13 Jan 2020","6,732","6,473","3,429","3,236","1,746","1,618"
"14 Jan 2020","6,638","6,379","3,382","3,190","1,722","1,595"
"15 Jan 2020","6,703","6,446","3,415","3,223","1,739","1,611"
"16 Jan 2020","6,720","6,462","3,423","3,231","1,743","1,615"
"17 Jan 2020","6,691","6,433","3,408","3,217","1,736","1,608"
"20 Jan 2020","6,705","6,444","3,416","3,222","1,740","1,611"
"21 Jan 2020","6,726","6,466","3,427","3,233","1,745","1,617"
"22 Jan 2020","6,731","6,469","3,429","3,234","1,746","1,617"
"23 Jan 2020","6,736","6,474","3,432","3,237","1,748","1,618"
"24 Jan 2020","6,740","6,479","3,434","3,240","1,749","1,622"
"28 Jan 2020","6,847","6,572","3,488","3,286","1,776","1,643"
"29 Jan 2020","6,790","6,526","3,459","3,263","1,762","1,631"
"30 Jan 2020","6,831","6,565","3,480","3,283","1,772","1,641"
"31 Jan 2020","6,827","6,565","3,478","3,282","1,771","1,641"
"03 Feb 2020","6,914","6,647","3,522","3,324","1,794","1,662"
"04 Feb 2020","6,890","6,624","3,510","3,312","1,788","1,656"
"05 Feb 2020","6,768","6,506","3,448","3,253","1,756","1,626"
"06 Feb 2020","6,797","6,534","3,463","3,267","1,763","1,634"
"07 Feb 2020","6,857","6,592","3,493","3,296","1,779","1,648"
"10 Feb 2020","6,921","6,653","3,526","3,327","1,795","1,663"
"11 Feb 2020","6,909","6,640","3,520","3,320","1,792","1,660"
"12 Feb 2020","6,868","6,604","3,499","3,302","1,782","1,651"
"13 Feb 2020","6,899","6,632","3,514","3,316","1,790","1,658"
"14 Feb 2020","6,932","6,664","3,532","3,332","1,798","1,666"
"17 Feb 2020","6,958","6,689","3,545","3,345","1,805","1,672"
"18 Feb 2020","6,970","6,697","3,551","3,348","1,808","1,674"
"19 Feb 2020","7,050","6,776","3,591","3,388","1,829","1,694"
"20 Feb 2020","7,116","6,837","3,625","3,419","1,846","1,709"
"21 Feb 2020","7,208","6,919","3,672","3,460","1,870","1,730"
"24 Feb 2020","7,439","7,152","3,790","3,576","1,930","1,788"
"25 Feb 2020","7,365","7,079","3,752","3,539","1,911","1,770"
"26 Feb 2020","7,372","7,082","3,756","3,541","1,913","1,771"
"27 Feb 2020","7,380","7,091","3,759","3,546","1,915","1,773"
"28 Feb 2020","7,348","7,062","3,743","3,531","1,906","1,765"
"02 Mar 2020","7,092","6,815","3,613","3,407","1,840","1,704"
"03 Mar 2020","7,092","6,820","3,613","3,410","1,840","1,705"
"04 Mar 2020","7,310","7,028","3,724","3,514","1,897","1,757"
"05 Mar 2020","7,255","6,972","3,696","3,486","1,882","1,743"
"06 Mar 2020","7,402","7,109","3,771","3,555","1,920","1,777"
"09 Mar 2020","7,556","7,262","3,849","3,631","1,960","1,816"
"10 Mar 2020","7,479","7,186","3,810","3,593","1,940","1,797"
"11 Mar 2020","7,446","7,159","3,793","3,579","1,932","1,790"
"12 Mar 2020","7,414","7,121","3,777","3,561","1,924","1,780"
"13 Mar 2020","7,180","6,898","3,658","3,449","1,863","1,724"
"16 Mar 2020","7,079","6,798","3,606","3,399","1,837","1,699"
"17 Mar 2020","6,922","6,655","3,526","3,327","1,796","1,664"
"18 Mar 2020","7,111","6,829","3,623","3,414","1,845","1,707"
"19 Mar 2020","6,936","6,662","3,533","3,331","1,799","1,665"
"20 Mar 2020","6,902","6,634","3,516","3,317","1,791","1,659"
"23 Mar 2020","6,999","6,723","3,566","3,361","1,816","1,681"
"24 Mar 2020","7,366","7,074","3,753","3,537","1,911","1,769"
"25 Mar 2020","7,703","7,400","3,924","3,700","1,998","1,850"
"26 Mar 2020","7,521","7,221","3,831","3,610","1,951","1,805"
"27 Mar 2020","7,457","7,150","3,799","3,575","1,935","1,788"
"30 Mar 2020","7,488","7,180","3,815","3,590","1,943","1,795"
"31 Mar 2020","7,447","7,142","3,794","3,571","1,932","1,785"
"01 Apr 2020","7,213","6,933","3,674","3,466","1,871","1,733"
"02 Apr 2020","7,389","7,098","3,764","3,549","1,917","1,775"
"03 Apr 2020","7,466","7,168","3,803","3,584","1,937","1,792"
"06 Apr 2020","7,530","7,230","3,836","3,615","1,954","1,807"
"07 Apr 2020","7,669","7,363","3,907","3,681","1,990","1,841"
"08 Apr 2020","7,612","7,308","3,878","3,654","1,975","1,827"
"09 Apr 2020","7,592","7,288","3,867","3,644","1,970","1,822"
"10 Apr 2020","7,726","7,409","3,936","3,704","2,004","1,852"
"13 Apr 2020","7,749","7,431","3,948","3,715","2,010","1,858"
"14 Apr 2020","7,892","7,577","4,021","3,788","2,048","1,894"
"15 Apr 2020","7,941","7,615","4,045","3,807","2,060","1,904"
"16 Apr 2020","7,930","7,613","4,040","3,807","2,057","1,903"
"17 Apr 2020","7,947","7,621","4,049","3,811","2,062","1,905"
"20 Apr 2020","7,775","7,464","3,961","3,732","2,017","1,866"
"21 Apr 2020","7,876","7,553","4,012","3,776","2,043","1,888"
"22 Apr 2020","7,872","7,558","4,010","3,779","2,042","1,890"
"23 Apr 2020","7,936","7,619","4,043","3,810","2,059","1,905"
"24 Apr 2020","8,000","7,680","4,075","3,840","2,075","1,920"
"27 Apr 2020","7,977","7,667","4,064","3,834","2,069","1,917"
"28 Apr 2020","7,911","7,595","4,030","3,798","2,052","1,899"
"29 Apr 2020","7,900","7,585","4,025","3,792","2,050","1,896"
"30 Apr 2020","7,889","7,574","4,019","3,787","2,047","1,893"
"04 May 2020","7,843","7,530","3,996","3,765","2,035","1,883"
"05 May 2020","7,792","7,479","3,970","3,739","2,022","1,870"
"06 May 2020","7,782","7,471","3,964","3,735","2,019","1,868"
"08 May 2020","7,818","7,511","3,983","3,756","2,028","1,878"
"11 May 2020","8,393","8,057","4,276","4,028","2,177","2,104"
"12 May 2020","7,834","7,521","3,991","3,760","2,032","1,880"
"13 May 2020","7,859","7,545","4,004","3,772","2,039","1,886"
"14 May 2020","7,914","7,605","4,032","3,803","2,053","1,901"
"15 May 2020","7,971","7,660","4,061","3,830","2,068","1,915"
"18 May 2020","8,132","7,807","4,143","3,904","2,110","1,952"
"19 May 2020","8,003","7,683","4,077","3,842","2,076","1,921"
"20 May 2020","8,060","7,741","4,106","3,871","2,091","1,935"
"21 May 2020","8,072","7,757","4,112","3,879","2,094","1,939"
"22 May 2020","7,987","7,668","4,069","3,834","2,072","1,917"
"27 May 2020","7,907","7,591","4,028","3,795","2,051","1,898"
"28 May 2020","7,911","7,595","4,030","3,797","2,052","1,899"
"29 May 2020","7,951","7,637","4,050","3,818","2,063","1,909"
"01 Jun 2020","8,006","7,695","4,078","3,847","2,077","1,924"
"02 Jun 2020","7,962","7,644","4,056","3,822","2,066","1,911"
"03 Jun 2020","7,804","7,492","3,976","3,746","2,025","1,873"
"04 Jun 2020","7,689","7,387","3,917","3,693","1,995","1,847"
"05 Jun 2020","7,765","7,454","3,956","3,727","2,014","1,864"
"09 Jun 2020","7,656","7,350","3,900","3,675","1,986","1,837"
"10 Jun 2020","7,773","7,475","3,960","3,737","2,017","1,869"
"11 Jun 2020","7,832","7,523","3,990","3,761","2,032","1,881"
"12 Jun 2020","7,848","7,534","3,998","3,767","2,036","1,884"
"15 Jun 2020","7,867","7,549","4,008","3,775","2,041","1,887"
"16 Jun 2020","7,812","7,499","3,980","3,750","2,027","1,875"
"17 Jun 2020","7,844","7,530","3,996","3,765","2,035","1,883"
"18 Jun 2020","7,848","7,534","3,998","3,767","2,036","1,884"
"19 Jun 2020","7,838","7,525","3,993","3,762","2,033","1,881"
"22 Jun 2020","7,952","7,634","4,051","3,817","2,063","1,909"
"23 Jun 2020","7,954","7,645","4,052","3,822","2,064","1,911"
"24 Jun 2020","8,034","7,722","4,093","3,861","2,084","1,931"
"25 Jun 2020","8,010","7,693","4,080","3,847","2,078","1,923"
"26 Jun 2020","8,009","7,698","4,080","3,849","2,078","1,924"
"29 Jun 2020","8,080","7,757","4,116","3,878","2,096","1,939"
"30 Jun 2020","8,054","7,739","4,103","3,869","2,089","1,935"
"01 Jul 2020","8,099","7,780","4,126","3,890","2,101","1,945"
"02 Jul 2020","8,038","7,726","4,095","3,863","2,085","1,931"
"03 Jul 2020","8,074","7,760","4,113","3,880","2,095","1,940"
"06 Jul 2020","8,075","7,757","4,114","3,879","2,095","1,939"
"07 Jul 2020","8,096","7,782","4,125","3,891","2,100","1,945"
"08 Jul 2020","8,144","7,827","4,149","3,914","2,113","1,957"
"09 Jul 2020","8,185","7,861","4,170","3,931","2,123","1,965"
"10 Jul 2020","8,166","7,843","4,160","3,922","2,119","1,961"
"13 Jul 2020","8,152","7,829","4,153","3,915","2,115","1,957"
"14 Jul 2020","8,151","7,834","4,152","3,917","2,115","1,959"
"15 Jul 2020","8,189","7,871","4,172","3,936","2,125","1,968"
"16 Jul 2020","8,198","7,879","4,176","3,940","2,127","1,970"
"17 Jul 2020","8,150","7,834","4,152","3,917","2,115","1,958"
"20 Jul 2020","8,184","7,864","4,169","3,932","2,123","1,966"
"21 Jul 2020","8,209","7,888","4,182","3,944","2,130","1,972"
"22 Jul 2020","8,316","7,993","4,236","3,996","2,157","1,998"
"23 Jul 2020","8,458","8,128","4,309","4,064","2,194","2,032"
"24 Jul 2020","8,512","8,180","4,336","4,090","2,208","2,045"
"27 Jul 2020","8,663","8,326","4,413","4,163","2,247","2,082"
"28 Jul 2020","8,854","8,506","4,511","4,253","2,297","2,127"
"29 Jul 2020","8,828","8,485","4,497","4,242","2,290","2,121"
"30 Jul 2020","8,845","8,501","4,506","4,250","2,295","2,125"
"03 Aug 2020","8,911","8,565","4,540","4,282","2,312","2,141"
"04 Aug 2020","8,855","8,505","4,511","4,252","2,297","2,126"
"05 Aug 2020","9,060","8,707","4,615","4,354","2,350","2,177"
"06 Aug 2020","9,056","8,699","4,613","4,350","2,349","2,175"
"07 Aug 2020","9,188","8,831","4,681","4,415","2,384","2,208"
"10 Aug 2020","9,044","8,692","4,607","4,346","2,346","2,173"
"11 Aug 2020","9,019","8,671","4,595","4,335","2,340","2,168"
"12 Aug 2020","8,542","8,200","4,351","4,100","2,216","2,050"
"13 Aug 2020","8,574","8,241","4,368","4,120","2,224","2,060"
"14 Aug 2020","8,716","8,367","4,440","4,183","2,261","2,092"
"17 Aug 2020","8,613","8,273","4,388","4,136","2,235","2,068"
"18 Aug 2020","8,811","8,468","4,488","4,234","2,286","2,117"
"19 Aug 2020","8,886","8,538","4,527","4,269","2,305","2,135"
"21 Aug 2020","8,658","8,321","4,411","4,161","2,246","2,080"
"25 Aug 2020","8,551","8,218","4,356","4,109","2,218","2,054"
"26 Aug 2020","8,526","8,195","8,344","4,097","2,212","2,049"
"27 Aug 2020","8,630","8,295","4,397","4,147","2,239","2,074"
"28 Aug 2020","8,525","8,194","4,343","4,097","2,212","2,048"
"31 Aug 2020","8,700","8,352","4,432","4,176","2,257","2,088"
"01 Sep 2020","8,700","8,352","4,432","4,176","2,257","2,088"
"02 Sep 2020","8,682","8,338","4,423","4,169","2,252","2,085"
"03 Sep 2020","8,551","8,219","4,356","4,109","2,219","2,055"
"04 Sep 2020","8,511","8,178","4,336","4,089","2,208","2,045"
"07 Sep 2020","8,517","8,186","4,339","4,093","2,210","2,046"
"08 Sep 2020","8,509","8,172","4,335","4,088","2,208","2,043"
"09 Sep 2020","8,550","8,216","4,356","4,108","2,218","2,054"
"10 Sep 2020","8,596","8,262","4,379","4,131","2,230","2,065"
"11 Sep 2020","8,558","8,217","4,360","4,109","4,109","2,054"
"11 Sep 2020","8,587","8,255","4,375","4,128","2,228","2,064"
"14 Sep 2020","8,567","8,228","4,364","4,114","2,223","2,057"
"15 Sep 2020","8,599","8,265","4,381","4,132","2,231","2,066"
"17 Sep 2020","8,585","8,251","4,374","4,126","2,227","2,063"
"18 Sep 2020","8,546","8,213","4,354","4,107","2,217","2,053"
"21 Sep 2020","8,524","8,188","4,342","4,094","2,211","2,047"
"22 Sep 2020","8,409","8,072","4,284","4,036","2,182","2,018"
"23 Sep 2020","8,347","8,022","4,252","4,011","2,166","2,006"
"24 Sep 2020","8,223","7,894","4,189","3,947","2,133","1,974"
"25 Sep 2020","8,257","7,926","4,206","3,963","2,142","1,981"
"28 Sep 2020","8,232","7,911","4,193","3,956","4,193","1,978"
"29 Sep 2020","8,338","8,004","4,248","4,002","2,183","2,001"
"30 Sep 2020","8,352","8,025","4,255","4,012","2,167","2,006"
"01 Oct 2020","8,308","7,984","4,232","3,992","2,155","1,996"
"02 Oct 2020","8,389","8,063","4,274","4,031","2,176","2,016"
"05 Oct 2020","8,394","8,057","4,276","4,029","2,178","2,014"
"06 Oct 2020","8,427","8,096","4,293","4,048","2,186","2,024"
"07 Oct 2020","8,299","7,967","4,228","3,984","2,153","1,992"
"08 Oct 2020","8,318","7,986","4,238","3,993","2,158","1,997"
"09 Oct 2020","8,371","8,038","4,264","4,019","2,172","2,009"
"12 Oct 2020","8,457","8,128","4,308","4,064","2,194","2,032"
"13 Oct 2020","8,463","8,124","4,311","4,062","2,196","2,031"
"14 Oct 2020","8,327","8,003","4,242","4,002","2,160","2,001"
"15 Oct 2020","8,362","8,031","4,260","4,015","2,169","2,008"
"16 Oct 2020","8,362","8,031","4,260","4,015","2,169","2,008"
"19 Oct 2020","8,362","8,031","4,260","4,015","2,169","2,008"
"20 Oct 2020","8,360","8,035","4,259","4,017","2,169","2,009"
"21 Oct 2020","8,413","8,086","4,286","4,043","2,183","2,021"
"22 Oct 2020","8,449","8,118","4,304","4,059","2,192","2,030"
"23 Oct 2020","8,372","8,047","4,265","4,023","2,172","2,012"
"26 Oct 2020","8,386","8,044","4,272","4,022","2,176","2,011"
"27 Oct 2020","8,413","8,086","4,286","4,043","2,183","2,021"
"28 Oct 2020","8,424","8,087","4,292","4,043","2,186","2,022"
"30 Oct 2020","8,245","7,915","4,200","3,957","2,139","1,979"
"02 Nov 2020","8,279","7,957","4,218","3,979","2,148","1,989"
"03 Nov 2020","8,347","8,022","4,252","4,011","2,165","2,006"
"04 Nov 2020","8,434","8,100","4,297","4,050","2,188","2,025"
"05 Nov 2020","8,393","8,057","4,276","4,028","2,177","2,104"
"06 Nov 2020","8,427","8,096","4,293","4,048","2,186","2,024"
"09 Nov 2020","8,558","8,217","4,360","4,109","2,186","2,054"
"10 Nov 2020","8,188","7,860","4,171","3,930","2,124","1,965"
"11 Nov 2020","8,217","7,889","4,186","3,945","2,132","1,972"
"12 Nov 2020","8,172","7,850","4,163","3,925","2,120","1,963"
"13 Nov 2020","8,224","7,904","4,190","3,952","2,134","1,976"
"16 Nov 2020","8,266","7,935","4,211","3,967","2,144","1,984"
"17 Nov 2020","8,239","7,918","4,197","3,959","2,137","1,980"
"18 Nov 2020","8,181","7,862","4,168","3,931","2,122","1,966"
"19 Nov 2020","8,141","7,819","4,147","3,909","2,112","1,955"
"20 Nov 2020","8,102","7,781","4,127","3,890","2,102","1,945"
"23 Nov 2020","8,132","7,810","4,143","3,905","2,110","1,953"
"24 Nov 2020","7,960","7,651","4,055","3,825","2,065","1,913"
"25 Nov 2020","7,842","7,530","3,995","3,765","2,035","1,882"
"26 Nov 2020","7,846","7,539","3,997","3,770","2,036","1,885"
"27 Nov 2020","7,810","7,506","3,979","3,753","2,026","1,877"
"30 Nov 2020","7,713","7,411","3,929","3,706","2,001","1,853"
"01 Dec 2020","7,694","7,395","3,920","3,697","1,996","1,849"
"02 Dec 2020","7,835","7,527","3,991","3,763","2,033","1,882"
"03 Dec 2020","7,906","7,596","4,028","3,798","2,051","1,899"
"04 Dec 2020","7,939","7,621","4,044","3,810","2,060","1,905"
"07 Dec 2020","7,958","7,630","4,054","3,815","2,065","1,907"
"08 Dec 2020","8,051","7,738","4,101","3,869","2,089","1,934"
"09 Dec 2020","8,074","7,760","4,113","3,880","2,095","1,940"
"10 Dec 2020","7,927","7,619","4,038","3,809","2,057","1,905"
"11 Dec 2020","7,907","7,599","4,028","3,800","2,051","1,900"
"14 Dec 2020","7,892","7,557","4,020","3,789","2,047","1,894"
"15 Dec 2020","7,867","7,553","4,008","3,777","2,041","1,888"
"16 Dec 2020","7,960","7,646","4,055","3,823","2,065","1,912"
"17 Dec 2020","8,005","7,698","4,078","3,849","2,077","1,924"
"18 Dec 2020","8,072","7,753","4,112","3,877","2,094","1,938"
"21 Dec 2020","8,091","7,776","4,122","3,888","2,099","1,944"
"22 Dec 2020","8,073","7,760","4,113","3,880","2,094","1,940"
"23 Dec 2020","8,024","7,712","4,088","3,856","2,082","1,928"
"24 Dec 2020","8,064","7,749","4,108","3,874","2,092","1,937"
"28 Dec 2020","8,131","7,818","4,142","3,909","2,109","1,955"
"29 Dec 2020","8,074","7,759","4,113","3,880","2,095","1,940"
"30 Dec 2020","8,071","7,757","4,112","3,879","2,094","1,939"
"31 Dec 2020","8,110","7,792","4,132","3,896","2,104","1,948"
"04 Jan 2021","8,146","7,819","4,150","3,910","2,113","1,955"
"05 Jan 2021","8,270","7,940","4,213","3,970","2,145","1,985"
"06 Jan 2021","8,296","7,965","4,226","3,983","2,152","1,991"
"07 Jan 2021","8,194","7,873","4,174","3,936","2,126","1,968"
"08 Jan 2021","8,219","7,901","4,187","3,950","2,132","1,975"
"11 Jan 2021","7,918","7,608","4,034","3,804","2,054","1,902"
"12 Jan 2021","7,936","7,618","4,043","3,809","2,059","1,904"
"13 Jan 2021","7,985","7,672","4,068","3,836","2,072","1,918"
"14 Jan 2021","7,923","7,613","4,036","3,806","2,056","1,903"
"15 Jan 2021","7,915","7,602","4,032","3,801","2,054","1,900"
"18 Jan 2021","7,795","7,486","3,971","3,743","2,022","1,872"
"19 Jan 2021","7,888","7,577","4,018","3,788","2,046","1,894"
"20 Jan 2021","7,914","7,604","4,032","3,802","2,053","1,901"
"21 Jan 2021","8,017","7,700","4,084","3,850","2,080","1,925"
"22 Jan 2021","7,998","7,687","4,074","3,843","2,075","1,922"
"25 Jan 2021","7,966","7,656","4,058","3,828","2,067","1,914"
"26 Jan 2021","7,954","7,644","4,052","3,822","2,063","1,911"
"27 Jan 2021","7,930","7,625","4,040","3,813","2,057","1,906"
"29 Jan 2021","7,921","7,612","4,035","3,806","2,055","1,903"
"01 Feb 2021","7,939","7,625","4,045","3,812","2,060","1,906"
"02 Feb 2021","7,985","7,664","4,068","3,832","2,071","1,916"
"03 Feb 2021","7,884","7,580","4,016","3,790","2,045","1,895"
"04 Feb 2021","7,883","7,578","4,016","3,789","2,045","1,895"
"05 Feb 2021","7,744","7,433","3,945","3,717","2,009","1,858"
"08 Feb 2021","7,825","7,520","3,986","3,760","2,030","1,880"
"09 Feb 2021","7,896","7,583","4,023","3,792","2,049","1,896"
"10 Feb 2021","7,886","7,576","4,018","3,788","2,046","1,894"
"11 Feb 2021","7,899","7,593","4,024","3,797","2,049","1,898"
"15 Feb 2021","7,805","7,503","3,976","3,752","2,025","1,876"
"16 Feb 2021","7,790","7,487","3,969","3,743","2,021","1,872"
"17 Feb 2021","7,672","7,374","3,909","3,687","1,990","1,843"
"18 Feb 2021","7,613","7,315","3,878","3,657","1,975","1,829"
"19 Feb 2021","7,591","7,294","3,867","3,647","1,969","1,823"
"22 Feb 2021","7,649","7,351","3,897","3,676","1,984","1,838"
"23 Feb 2021","7,757","7,455","3,952","3,728","2,012","1,864"
"24 Feb 2021","7,745","7,443","3,945","3,722","2,009","1,861"
"25 Feb 2021","7,730","7,431","3,938","3,716","2,005","1,858"
"26 Feb 2021","7,613","7,312","3,878","3,656","1,975","1,828"
"01 Mar 2021","7,486","7,195","3,814","3,597","1,942","1,799"
"02 Mar 2021","7,406","7,118","3,773","3,559","1,921","1,779"
"03 Mar 2021","7,474","7,180","3,808","3,590","1,939","1,795"
"04 Mar 2021","7,366","7,071","3,753","3,535","1,911","1,768"
"05 Mar 2021","7,299","7,008","3,718","3,504","1,894","1,752"
"08 Mar 2021","7,378","7,082","3,759","3,541","1,914","1,770"
"09 Mar 2021","7,351","7,060","3,745","3,530","1,907","1,765"
"10 Mar 2021","7,498","7,206","3,820","3,603","1,945","1,802"
"11 Mar 2021","7,550","7,251","3,846","3,626","1,959","1,813"
"12 Mar 2021","7,514","7,218","3,828","3,609","1,949","1,804"
"15 Mar 2021","7,541","7,248","3,842","3,624","1,956","1,812"
"16 Mar 2021","7,558","7,261","3,851","3,630","1,961","1,815"
"17 Mar 2021","7,557","7,265","3,850","3,632","1,961","1,816"
"18 Mar 2021","7,631","7,334","3,887","3,667","1,980","1,833"
"19 Mar 2021","7,576","7,282","3,860","3,641","1,966","1,820"
"22 Mar 2021","7,593","7,296","3,868","3,648","1,970","1,824"
"23 Mar 2021","7,589","7,291","3,866","3,645","1,969","1,823"
"24 Mar 2021","7,572","7,277","3,857","3,639","1,964","1,819"
"25 Mar 2021","7,610","7,316","3,877","3,658","1,974","1,829"
"26 Mar 2021","7,607","7,311","3,875","3,655","1,973","1,828"
"29 Mar 2021","7,615","7,320","3,879","3,660","1,976","1,830"
"30 Mar 2021","7,517","7,225","3,830","3,612","1,950","1,806"
"31 Mar 2021","7,421","7,130","3,780","3,565","1,925","1,783"
"01 Apr 2021","7,508","7,220","3,825","3,610","1,948","1,805"
"02 Apr 2021","7,604","7,309","3,874","3,654","1,973","1,827"
"05 Apr 2021","7,590","7,295","3,867","3,648","1,969","1,824"
"06 Apr 2021","7,585","7,290","3,864","3,645","1,968","1,822"
"07 Apr 2021","7,627","7,330","3,885","3,665","1,979","1,833"
"08 Apr 2021","7,621","7,320","3,883","3,660","1,977","1,830"
"09 Apr 2021","7,689","7,390","3,917","3,695","1,995","1,848"
"12 Apr 2021","7,638","7,341","3,891","3,671","1,982","1,835"
"13 Apr 2021","7,588","7,294","3,865","3,647","1,968","1,824"
"14 Apr 2021","7,651","7,353","3,897","3,676","1,985","1,838"
"15 Apr 2021","7,600","7,308","3,871","3,654","1,972","1,827"
"16 Apr 2021","7,725","7,425","3,936","3,712","2,004","1,856"
"19 Apr 2021","7,786","7,483","3,967","3,742","2,020","1,871"
"20 Apr 2021","7,751","7,450","3,949","3,725","2,011","1,862"
"21 Apr 2021","7,773","7,468","3,960","3,734","2,016","1,867"
"22 Apr 2021","7,837","7,530","3,992","3,765","2,033","1,883"
"23 Apr 2021","7,784","7,485","3,966","3,743","2,020","1,871"
"26 Apr 2021","7,742","7,442","3,944","3,721","2,008","1,861"
"27 Apr 2021","7,748","7,447","3,947","3,723","2,010","1,862"
"28 Apr 2021","7,711","7,411","3,928","3,706","2,001","1,853"
"30 Apr 2021","7,711","7,402","3,928","3,701","2,001","1,851"
"03 May 2021","7,692","7,390","3,918","3,695","1,995","1,848"
"04 May 2021","7,796","7,493","3,972","3,746","2,023","1,873"
"05 May 2021","7,776","7,471","3,961","3,736","2,017","1,868"
"06 May 2021","7,808","7,495","3,977","3,747","2,026","1,874"
"10 May 2021","7,978","7,658","4,064","3,829","2,070","1,915"
"11 May 2021","8,005","7,691","4,078","3,846","2,077","1,923"
"12 May 2021","8,020","7,712","4,086","3,856","2,081","1,928"
"17 May 2021","8,094","7,775","4,123","3,888","2,100","1,944"
"18 May 2021","8,189","7,867","4,172","3,933","2,125","1,967"
"19 May 2021","8,179","7,861","4,167","3,931","2,122","1,965"
"20 May 2021","8,219","7,896","4,187","3,948","2,132","1,974"
"21 May 2021","8,244","7,918","4,200","3,959","2,139","1,979"
"24 May 2021","8,270","7,947","4,213","3,973","2,146","1,987"
"25 May 2021","8,251","7,927","4,204","3,963","2,141","1,982"
"27 May 2021","8,329","8,005","4,243","4,003","2,161","2,001"
"28 May 2021","8,335","8,010","4,246","4,005","2,162","2,003"
"31 May 2021","8,380","8,045","4,269","4,022","2,174","2,011"
"01 Jun 2021","8,344","8,020","4,251","4,010","2,165","2,005"
"02 Jun 2021","8,308","7,985","4,233","3,993","2,155","1,996"
"03 Jun 2021","8,340","8,015","4,248","4,008","2,164","2,004"
"04 Jun 2021","8,196","7,877","4,175","3,939","2,126","1,969"
"08 Jun 2021","8,307","7,984","4,232","3,992","2,155","1,996"
"09 Jun 2021","8,286","7,964","4,221","3,982","2,150","1,991"
"10 Jun 2021","8,241","7,921","4,198","3,960","2,138","1,980"
"11 Jun 2021","8,296","7,971","4,226","3,986","2,152","1,993"
"14 Jun 2021","8,167","7,849","4,161","3,925","2,119","1,962"
"15 Jun 2021","8,143","7,826","4,148","3,913","2,113","1,957"
"16 Jun 2021","8,112","7,798","4,133","3,899","2,105","1,950"
"17 Jun 2021","7,982","7,669","4,066","3,835","2,071","1,917"
"18 Jun 2021","7,813","7,509","3,980","3,755","2,027","1,877"
"21 Jun 2021","7,784","7,481","3,965","3,740","2,019","1,870"
"22 Jun 2021","7,843","7,536","3,995","3,768","2,035","1,884"
"23 Jun 2021","7,836","7,522","3,992","3,761","2,033","1,881"
"24 Jun 2021","7,853","7,539","4,001","3,769","2,037","1,885"
"25 Jun 2021","7,835","7,527","3,992","3,763","2,033","1,882"
"29 Jun 2021","7,822","7,515","3,985","3,757","2,029","1,879"
"30 Jun 2021","7,759","7,456","3,953","3,728","2,013","1,864"
"01 Jul 2021","7,789","7,488","3,968","3,744","2,021","1,872"
"05 Jul 2021","7,871","7,559","4,010","3,780","2,042","1,890"
"06 Jul 2021","7,903","7,596","4,026","3,798","2,050","1,899"
"07 Jul 2021","7,923","7,618","4,036","3,809","2,056","1,905"
"08 Jul 2021","7,973","7,663","4,061","3,832","2,068","1,916"
"09 Jul 2021","7,995","7,691","4,073","3,845","2,074","1,923"
"12 Jul 2021","8,017","7,707","4,084","3,854","2,080","1,927"
"13 Jul 2021","8,037","7,726","4,094","3,863","2,085","1,932"
"14 Jul 2021","8,047","7,735","4,100","3,868","2,088","1,934"
"16 Jul 2021","8,155","7,842","4,154","3,921","2,116","1,961"
"19 Jul 2021","8,110","7,790","4,132","3,895","2,104","1,948"
"21 Jul 2021","8,111","7,794","4,132","3,897","2,104","1,948"
"22 Jul 2021","8,087","7,768","4,120","3,884","2,098","1,942"
"23 Jul 2021","8,097","7,783","4,125","3,892","2,101","1,946"
"26 Jul 2021","8,067","7,757","4,110","3,878","2,093","1,939"
"27 Jul 2021","8,058","7,748","4,105","3,874","2,090","1,937"
"29 Jul 2021","8,112","7,797","4,132","3,899","2,104","1,949"
"30 Jul 2021","8,217","7,888","4,186","3,944","2,132","1,972"
"02 Aug 2021","8,131","7,811","4,142","3,906","2,109","1,953"
"03 Aug 2021","8,120","7,804","4,136","3,902","2,107","1,951"
"04 Aug 2021","8,123","7,809","4,138","3,904","2,107","1,952"
"05 Aug 2021","8,116","7,800","4,134","3,900","2,105","1,950"
"06 Aug 2021","8,061","7,746","4,107","3,873","2,091","1,936"
"09 Aug 2021","7,722","7,415","3,934","3,708","2,003","1,854"
"11 Aug 2021","7,755","7,453","3,951","3,726","2,012","1,863"
"12 Aug 2021","7,877","7,570","4,013","3,785","2,044","1,892"
"13 Aug 2021","7,872","7,571","4,010","3,786","2,042","1,893"
"16 Aug 2021","7,997","7,686","4,074","3,843","2,075","1,922"
"17 Aug 2021","8,031","7,718","4,091","3,859","2,084","1,929"
"18 Aug 2021","8,049","7,727","4,100","3,864","2,088","1,932"
"19 Aug 2021","8,028","7,717","4,090","3,858","2,083","1,929"
"20 Aug 2021","8,005","7,693","4,078","3,846","2,077","1,923"
"23 Aug 2021","7,984","7,670","4,067","3,835","2,071","1,918"
"24 Aug 2021","8,078","7,763","4,115","3,882","2,096","1,941"
"25 Aug 2021","8,049","7,740","4,101","3,870","2,088","1,935"
"26 Aug 2021","7,984","7,676","4,067","3,838","2,071","1,919"
"27 Aug 2021","7,983","7,672","4,067","3,836","2,071","1,918"
"30 Aug 2021","8,062","7,747","4,107","3,873","2,092","1,937"
"01 Sep 2021","7,986","7,676","4,069","3,838","2,072","1,919"
"02 Sep 2021","7,989","7,678","4,070","3,839","2,073","1,920"
"03 Sep 2021","7,965","7,657","4,057","3,828","2,066","1,914"
"06 Sep 2021","8,031","7,715","4,091","3,857","2,084","1,929"
"07 Sep 2021","8,032","7,719","4,092","3,860","2,084","1,930"
"08 Sep 2021","7,926","7,620","4,038","3,810","2,056","1,905"
"09 Sep 2021","7,882","7,576","4,015","3,788","2,045","1,894"
"10 Sep 2021","7,900","7,594","4,025","3,797","2,050","1,898"
"13 Sep 2021","7,856","7,546","4,002","3,773","2,038","1,886"
"14 Sep 2021","7,888","7,582","4,018","3,791","2,046","1,895"
"15 Sep 2021","7,962","7,654","4,056","3,827","2,066","1,913"
"20 Sep 2021","7,780","7,477","3,963","3,739","2,018","1,869"
"21 Sep 2021","7,848","7,542","3,998","3,771","2,036","1,886"
"22 Sep 2021","7,886","7,580","4,017","3,790","2,046","1,895"
"24 Sep 2021","7,740","7,442","3,943","3,721","2,008","1,861"
"27 Sep 2021","7,778","7,476","3,962","3,738","2,018","1,869"
"28 Sep 2021","7,778","7,475","3,962","3,738","2,018","1,869"
"29 Sep 2021","7,706","7,406","3,926","3,703","1,999","1,851"
"30 Sep 2021","7,693","7,394","3,919","3,697","1,996","1,848"
"01 Oct 2021","7,769","7,467","3,958","3,733","2,016","1,867"
"04 Oct 2021","7,826","7,507","3,987","3,754","2,030","1,877"
"05 Oct 2021","7,827","7,520","3,987","3,760","2,030","1,880"
"06 Oct 2021","7,793","7,490","3,970","3,745","2,022","1,872"
"07 Oct 2021","7,819","7,515","3,983","3,757","2,028","1,879"
"08 Oct 2021","7,780","7,478","3,963","3,739","2,018","1,870"
"11 Oct 2021","7,784","7,473","3,966","3,736","2,020","1,868"
"12 Oct 2021","7,755","7,451","3,950","3,726","2,012","1,863"
"13 Oct 2021","7,785","7,485","3,966","3,743","2,020","1,871"
"14 Oct 2021","7,894","7,583","4,021","3,792","2,048","1,896"
"15 Oct 2021","7,914","7,608","4,032","3,804","2,053","1,902"
"18 Oct 2021","7,806","7,504","3,977","3,752","2,025","1,876"
"20 Oct 2021","7,793","7,494","3,970","3,747","2,022","1,873"
"21 Oct 2021","7,853","7,552","4,001","3,776","2,037","1,888"
"22 Oct 2021","7,871","7,565","4,010","3,782","2,042","1,891"
"25 Oct 2021","7,903","7,595","4,026","3,797","2,050","1,899"
"26 Oct 2021","7,953","7,648","4,051","3,824","2,063","1,912"
"27 Oct 2021","7,896","7,589","4,022","3,794","2,048","1,897"
"28 Oct 2021","7,907","7,600","4,028","3,800","2,051","1,900"
"29 Oct 2021","7,904","7,598","4,027","3,799","2,051","1,899"
"01 Nov 2021","7,838","7,533","3,993","3,766","2,033","1,883"
"02 Nov 2021","7,884","7,578","4,017","3,789","2,045","1,894"
"03 Nov 2021","7,872","7,568","4,010","3,784","2,042","1,892"
"05 Nov 2021","7,903","7,596","4,026","3,798","2,050","1,899"
"08 Nov 2021","7,997","7,686","4,074","3,843","2,075","1,921"
"09 Nov 2021","8,033","7,722","4,092","3,861","2,084","1,931"
"10 Nov 2021","8,055","7,747","4,103","3,874","2,090","1,937"
"11 Nov 2021","8,167","7,850","4,161","3,925","2,119","1,962"
"12 Nov 2021","8,228","7,910","4,192","3,955","2,135","1,978"
"15 Nov 2021","8,237","7,917","4,196","3,958","2,137","1,979"
"16 Nov 2021","8,232","7,914","4,194","3,957","2,136","1,979"
"17 Nov 2021","8,198","7,883","4,176","3,942","2,127","1,971"
"18 Nov 2021","8,271","7,950","4,214","3,975","2,146","1,987"
"19 Nov 2021","8,246","7,925","4,201","3,962","2,139","1,981"
"22 Nov 2021","8,199","7,880","4,177","3,940","2,127","1,970"
"23 Nov 2021","8,038","7,726","4,095","3,863","2,085","1,931"
"24 Nov 2021","7,979","7,671","4,065","3,835","2,070","1,918"
"25 Nov 2021","8,008","7,699","4,079","3,850","2,077","1,925"
"26 Nov 2021","8,038","7,726","4,095","3,863","2,085","1,931"
"29 Nov 2021","8,050","7,737","4,101","3,869","2,089","1,934"
"30 Nov 2021","8,024","7,716","4,088","3,858","2,082","1,929"
"01 Dec 2021","7,914","7,607","4,032","3,803","2,053","1,902"
"02 Dec 2021","7,966","7,660","4,058","3,830","2,067","1,915"
"03 Dec 2021","7,944","7,640","4,047","3,820","2,061","1,910"
"06 Dec 2021","8,010","7,701","4,080","3,850","2,078","1,925"
"07 Dec 2021","7,998","7,687","4,074","3,843","2,075","1,922"
"08 Dec 2021","7,999","7,690","4,075","3,845","2,075","1,923"
"09 Dec 2021","7,981","7,671","4,066","3,835","2,071","1,918"
"10 Dec 2021","7,957","7,648","4,053","3,824","2,064","1,912"
"13 Dec 2021","7,968","7,661","4,059","3,831","2,067","1,915"
"14 Dec 2021","8,011","7,693","4,081","3,847","2,078","1,923"
"15 Dec 2021","7,961","7,656","4,056","3,828","2,065","1,914"
"16 Dec 2021","7,984","7,669","4,068","3,834","2,071","1,917"
"17 Dec 2021","8,039","7,727","4,095","3,863","2,086","1,932"
"20 Dec 2021","8,085","7,762","4,119","3,881","2,098","1,940"
"21 Dec 2021","8,029","7,721","4,090","3,860","2,083","1,930"
"23 Dec 2021","8,056","7,736","4,104","3,868","2,090","1,934"
"24 Dec 2021","8,065","7,742","4,109","3,871","2,092","1,936"
"27 Dec 2021","8,049","7,736","4,100","3,868","2,088","1,934"
"28 Dec 2021","8,039","7,726","4,095","3,863","2,086","1,932"
"29 Dec 2021","8,001","7,692","4,076","3,846","2,076","1,923"
"30 Dec 2021","7,989","7,677","4,070","3,838","2,073","1,919"
"31 Dec 2021","8,043","7,730","4,097","3,865","2,087","1,933"
"03 Jan 2022","8,075","7,765","4,114","3,883","2,095","1,941"
"04 Jan 2022","8,002","7,692","4,076","3,846","2,076","1,923"
"05 Jan 2022","8,058","7,747","4,105","3,873","2,091","1,937"
"06 Jan 2022","8,059","7,746","4,105","3,873","2,091","1,937"
"07 Jan 2022","8,012","7,704","4,082","3,852","2,079","1,926"
"10 Jan 2022","7,992","7,683","4,071","3,841","2,073","1,921"
"11 Jan 2022","8,035","7,724","4,093","3,862","2,084","1,931"
"12 Jan 2022","8,093","7,775","4,123","3,888","2,100","1,944"
"13 Jan 2022","8,077","7,765","4,115","3,882","2,095","1,941"
"14 Jan 2022","8,072","7,760","4,112","3,880","2,094","1,940"
"17 Jan 2022","8,063","7,754","4,108","3,877","2,092","1,938"
"19 Jan 2022","8,059","7,747","4,105","3,874","2,091","1,937"
"20 Jan 2022","8,179","7,863","4,166","3,931","2,122","1,966"
"21 Jan 2022","8,176","7,860","4,165","3,930","2,121","1,965"
"24 Jan 2022","8,143","7,826","4,148","3,913","2,112","1,957"
"26 Jan 2022","8,215","7,897","4,185","3,949","2,131","1,974"
"27 Jan 2022","8,115","7,802","4,134","3,901","2,105","1,950"
"03 Feb 2022","8,015","7,697","4,083","3,848","2,079","1,924"
"04 Feb 2022","8,000","7,688","4,076","3,844","2,076","1,922"
"07 Feb 2022","8,042","7,732","4,097","3,866","2,086","1,933"
"08 Feb 2022","8,078","7,765","4,115","3,882","2,096","1,941"
"09 Feb 2022","8,099","7,788","4,126","3,894","2,101","1,947"
"10 Feb 2022","8,130","7,815","4,142","3,908","2,109","1,954"
"11 Feb 2022","8,118","7,804","4,136","3,902","2,106","1,951"
"14 Feb 2022","8,263","7,945","4,209","3,973","2,144","1,986"
"15 Feb 2022","8,315","7,992","4,236","3,996","2,157","1,998"
"16 Feb 2022","8,217","7,899","4,186","3,949","2,132","1,975"
"17 Feb 2022","8,300","7,978","4,228","3,989","2,153","1,995"
"18 Feb 2022","8,436","8,109","4,297","4,055","2,188","2,027"
"21 Feb 2022","8,476","8,140","4,318","4,070","2,199","2,035"
"22 Feb 2022","8,489","8,163","4,325","4,082","2,202","2,041"
"23 Feb 2022","8,425","8,099","4,292","4,050","2,186","2,025"
"24 Feb 2022","8,485","8,159","4,323","4,080","2,201","2,040"
"25 Feb 2022","8,496","8,165","4,328","4,083","2,204","2,041"
"28 Feb 2022","8,522","8,181","4,341","4,090","2,211","2,045"
"01 Mar 2022","8,484","8,158","4,322","4,079","2,201","2,039"
"02 Mar 2022","8,655","8,320","4,409","4,160","2,245","2,080"
"03 Mar 2022","8,575","8,242","4,368","4,121","2,225","2,060"
"04 Mar 2022","8,619","8,286","4,391","4,143","2,236","2,071"
"07 Mar 2022","8,814","8,472","4,490","4,236","2,287","2,118"
"08 Mar 2022","8,875","8,531","4,521","4,265","2,302","2,133"
"09 Mar 2022","9,074","8,723","4,622","4,362","2,354","2,181"
"10 Mar 2022","8,821","8,480","4,494","4,240","2,288","2,120"
"14 Mar 2022","8,778","8,433","4,472","4,216","2,277","2,108"
"15 Mar 2022","8,702","8,365","4,433","4,183","2,257","2,091"
"16 Mar 2022","8,572","8,241","4,367","4,120","2,224","2,060"
"17 Mar 2022","8,568","8,236","4,365","4,118","2,223","2,059"
"18 Mar 2022","8,644","8,308","4,404","4,154","2,243","2,077"
"21 Mar 2022","8,551","8,219","4,356","4,109","2,219","2,055"
"22 Mar 2022","8,638","8,302","4,401","4,151","2,241","2,076"
"23 Mar 2022","8,578","8,244","4,370","4,122","2,225","2,061"
"24 Mar 2022","8,720","8,381","4,442","4,191","2,262","2,095"
"25 Mar 2022","8,786","8,445","4,476","4,222","2,279","2,111"
"28 Mar 2022","8,745","8,408","4,455","4,204","2,269","2,102"
"29 Mar 2022","8,603","8,269","4,383","4,134","2,232","2,067"
"30 Mar 2022","8,561","8,233","4,361","4,117","2,221","2,058"
"31 Mar 2022","8,607","8,272","4,385","4,136","2,233","2,068"
"04 Apr 2022","8,613","8,276","4,388","4,138","2,234","2,069"
"05 Apr 2022","8,647","8,311","4,405","4,156","2,243","2,078"
"06 Apr 2022","8,597","8,263","4,380","4,132","2,230","2,066"
"07 Apr 2022","8,611","8,278","4,387","4,139","2,234","2,070"
"08 Apr 2022","8,653","8,319","4,408","4,160","2,245","2,080"
"11 Apr 2022","8,716","8,380","4,440","4,190","2,261","2,095"
"12 Apr 2022","8,776","8,437","4,471","4,218","2,277","2,109"
"13 Apr 2022","8,819","8,477","4,493","4,238","2,288","2,119"
"14 Apr 2022","8,853","8,510","4,510","4,255","2,297","2,127"
"15 Apr 2022","8,871","8,522","4,519","4,261","2,301","2,130"
"18 Apr 2022","8,921","8,575","4,545","4,287","2,314","2,144"
"20 Apr 2022","8,827","8,484","4,497","4,242","2,290","2,121"
"21 Apr 2022","8,883","8,533","4,525","4,267","2,305","2,133"
"22 Apr 2022","8,910","8,564","4,539","4,282","2,312","2,141"
"25 Apr 2022","8,878","8,533","4,523","4,266","2,303","2,133"
"26 Apr 2022","8,775","8,434","4,470","4,217","2,276","2,108"
"27 Apr 2022","8,806","8,466","4,486","4,233","2,285","2,116"
"28 Apr 2022","8,715","8,381","4,440","4,190","2,261","2,095"
"29 Apr 2022","8,779","8,436","4,472","4,218","2,278","2,109"
"05 May 2022","8,728","8,388","4,446","4,194","2,264","2,097"
"06 May 2022","8,661","8,325","4,412","4,162","2,247","2,081"
"09 May 2022","8,722","8,384","4,443","4,192","2,263","2,096"
"10 May 2022","8,616","8,280","4,389","4,140","2,235","2,070"
"11 May 2022","8,528","8,196","4,344","4,098","2,212","2,049"
"12 May 2022","8,612","8,278","4,387","4,139","2,234","2,069"
"13 May 2022","8,498","8,167","4,329","4,083","2,205","2,042"
"17 May 2022","8,525","8,187","4,343","4,094","2,212","2,047"
"18 May 2022","8,454","8,120","4,307","4,060","2,193","2,030"
"19 May 2022","8,482","8,151","4,321","4,075","2,200","2,038"
"20 May 2022","8,589","8,253","4,376","4,127","2,228","2,063"
"23 May 2022","8,601","8,269","4,382","4,134","2,231","2,067"
"24 May 2022","8,633","8,298","4,398","4,149","2,240","2,075"
"25 May 2022","8,686","8,349","4,425","4,174","2,253","2,087"
"26 May 2022","8,637","8,303","4,400","4,152","2,241","2,076"
"27 May 2022","8,628","8,295","4,395","4,147","2,238","2,074"
"30 May 2022","8,597","8,263","4,380","4,132","2,230","2,066"
"31 May 2022","8,579","8,245","4,370","4,122","2,226","2,061"
"01 Jun 2022","8,524","8,193","4,342","4,096","2,211","2,048"
"02 Jun 2022","8,606","8,274","4,384","4,137","2,233","2,069"
"03 Jun 2022","8,696","8,354","4,430","4,177","2,256","2,089"
"07 Jun 2022","8,578","8,237","4,370","4,119","2,225","2,059"
"08 Jun 2022","8,630","8,292","4,396","4,146","2,239","2,073"
"09 Jun 2022","8,638","8,303","4,400","4,152","2,241","2,076"
"10 Jun 2022","8,620","8,284","4,392","4,142","2,236","2,071"
"13 Jun 2022","8,764","8,428","4,465","4,214","2,274","2,107"
"14 Jun 2022","8,553","8,218","4,357","4,109","2,219","2,054"
"15 Jun 2022","8,486","8,157","4,323","4,078","2,202","2,039"
"16 Jun 2022","8,563","8,230","4,362","4,115","2,221","2,058"
"17 Jun 2022","8,620","8,286","4,391","4,143","2,236","2,072"
"20 Jun 2022","8,586","8,252","4,374","4,126","2,227","2,063"
"21 Jun 2022","8,581","8,249","4,372","4,124","2,226","2,062"
"22 Jun 2022","8,537","8,208","4,349","4,104","2,215","2,052"
"23 Jun 2022","8,580","8,248","4,371","4,124","2,226","2,062"
"24 Jun 2022","8,528","8,198","4,345","4,099","2,213","2,050"
"27 Jun 2022","8,537","8,206","4,349","4,103","2,215","2,051"
"28 Jun 2022","8,522","8,191","4,341","4,095","2,211","2,048"
"29 Jun 2022","8,492","8,163","4,326","4,081","2,203","2,041"
"30 Jun 2022","8,493","8,165","4,327","4,083","2,203","2,041"
"01 Jul 2022","8,441","8,113","4,300","4,057","2,190","2,028"
"04 Jul 2022","8,462","8,137","4,311","4,068","2,195","2,034"
"05 Jul 2022","8,463","8,134","4,311","4,067","2,196","2,034"
"06 Jul 2022","8,298","7,980","4,227","3,990","2,153","1,995"
"07 Jul 2022","8,163","7,850","4,159","3,925","2,118","1,962"
"08 Jul 2022","8,175","7,858","4,165","3,929","2,121","1,964"
"12 Jul 2022","8,155","7,840","4,155","3,920","2,116","1,960"
"13 Jul 2022","8,119","7,803","4,136","3,902","2,106","1,951"
"15 Jul 2022","8,066","7,753","4,109","3,877","2,093","1,938"
"18 Jul 2022","8,042","7,728","4,097","3,864","2,086","1,932"
"19 Jul 2022","8,062","7,749","4,107","3,874","2,092","1,937"
"20 Jul 2022","8,072","7,760","4,112","3,880","2,094","1,940"
"21 Jul 2022","8,004","7,695","4,077","3,847","2,076","1,924"
"22 Jul 2022","8,116","7,802","4,135","3,901","2,106","1,951"
"25 Jul 2022","8,135","7,821","4,144","3,911","2,111","1,955"
"26 Jul 2022","8,120","7,809","4,136","3,904","2,106","1,952"
"28 Jul 2022","8,209","7,891","4,182","3,946","2,130","1,973"
"29 Jul 2022","8,276","7,957","4,216","3,979","2,147","1,989"
"01 Aug 2022","8,321","8,002","4,239","4,001","2,159","2,000"
"02 Aug 2022","8,369","8,044","4,263","4,022","2,171","2,011"
"03 Aug 2022","8,314","7,994","4,235","3,997","2,157","1,999"
"04 Aug 2022","8,337","8,015","4,247","4,007","2,163","2,004"
"05 Aug 2022","8,466","8,136","4,313","4,068","2,196","2,034"
"08 Aug 2022","8,390","8,055","4,274","4,028","2,177","2,014"
"09 Aug 2022","8,456","8,131","4,308","4,065","2,194","2,033"
"10 Aug 2022","8,477","8,150","4,319","4,075","2,199","2,037"
"11 Aug 2022","8,425","8,104","4,292","4,052","2,186","2,026"
"12 Aug 2022","8,432","8,107","4,296","4,053","2,188","2,027"
"15 Aug 2022","8,483","8,154","4,322","4,077","2,201","2,039"
"16 Aug 2022","8,421","8,096","4,290","4,048","2,185","2,024"
"17 Aug 2022","8,408","8,084","4,283","4,042","2,181","2,021"
"18 Aug 2022","8,363","8,039","4,261","4,019","2,170","2,010"
"19 Aug 2022","8,340","8,022","4,249","4,011","2,164","2,005"
"22 Aug 2022","8,303","7,984","4,230","3,992","2,154","1,996"
"23 Aug 2022","8,265","7,944","4,210","3,972","2,144","1,986"
"24 Aug 2022","8,312","7,990","4,234","3,995","2,156","1,997"
"25 Aug 2022","8,331","8,012","4,244","4,006","2,161","2,003"
"26 Aug 2022","8,324","8,003","4,240","4,001","2,159","2,001"
"29 Aug 2022","8,242","7,927","4,199","3,963","2,138","1,982"
"30 Aug 2022","8,272","7,953","4,214","3,977","2,146","1,988"
"01 Sep 2022","8,123","7,808","4,138","3,904","2,107","1,952"
"02 Sep 2022","8,078","7,769","4,115","3,884","2,096","1,942"
"05 Sep 2022","8,133","7,817","4,143","3,909","2,110","1,954"
"06 Sep 2022","8,169","7,852","4,162","3,926","2,119","1,963"
"07 Sep 2022","8,128","7,815","4,141","3,908","2,109","1,954"
"08 Sep 2022","8,190","7,872","4,172","3,936","2,125","1,968"
"09 Sep 2022","8,168","7,851","4,161","3,925","2,119","1,963"
"12 Sep 2022","8,187","7,872","4,171","3,936","2,124","1,968"
"13 Sep 2022","8,249","7,931","4,203","3,966","2,140","1,983"
"14 Sep 2022","8,157","7,846","4,156","3,923","2,116","1,961"
"15 Sep 2022","8,147","7,831","4,150","3,915","2,114","1,958"
"19 Sep 2022","8,067","7,753","4,110","3,877","2,093","1,938"
"20 Sep 2022","8,097","7,783","4,125","3,892","2,101","1,946"
"21 Sep 2022","8,061","7,751","4,106","3,876","2,091","1,938"
"22 Sep 2022","8,057","7,748","4,104","3,874","2,090","1,937"
"23 Sep 2022","8,107","7,792","4,130","3,896","2,103","1,948"
"26 Sep 2022","7,995","7,690","4,073","3,845","2,074","1,922"
"27 Sep 2022","7,959","7,652","4,055","3,826","2,065","1,913"
"28 Sep 2022","7,972","7,668","4,061","3,834","2,068","1,917"
"29 Sep 2022","8,116","7,803","4,135","3,901","2,106","1,951"
"29 Sep 2022","8,116","7,803","4,135","3,901","2,106","1,951"
"30 Sep 2022","8,178","7,861","4,166","3,931","2,122","1,965"
"03 Oct 2022","8,196","7,874","4,176","3,937","2,126","1,969"
"04 Oct 2022","8,371","8,045","4,265","4,023","2,172","2,011"
"05 Oct 2022","8,490","8,159","4,325","4,080","2,203","2,040"
"06 Oct 2022","8,455","8,123","4,307","4,061","2,193","2,031"
"07 Oct 2022","8,430","8,105","4,295","4,053","2,187","2,026"
"11 Oct 2022","8,268","7,944","4,212","3,972","2,145","1,986"
"12 Oct 2022","8,241","7,923","4,198","3,961","2,138","1,981"
"13 Oct 2022","8,307","7,988","4,232","3,994","2,155","1,997"
"14 Oct 2022","8,276","7,960","4,216","3,980","2,147","1,990"
"17 Oct 2022","8,222","7,904","4,189","3,952","2,133","1,976"
"18 Oct 2022","8,259","7,931","4,208","3,965","2,143","1,983"
"19 Oct 2022","8,263","7,944","4,210","3,972","2,144","1,986"
"20 Oct 2022","8,158","7,846","4,156","3,923","2,116","1,961"
"21 Oct 2022","8,156","7,840","4,155","3,920","2,116","1,960"
"25 Oct 2022","8,308","7,989","4,233","3,995","2,156","1,997"
"26 Oct 2022","8,281","7,964","4,219","3,982","2,148","1,991"
"27 Oct 2022","8,331","8,008","4,244","4,004","2,161","2,002"
"28 Oct 2022","8,314","7,990","4,235","3,995","2,157","1,997"
"31 Oct 2022","8,239","7,915","4,197","3,957","2,137","1,979"
"01 Nov 2022","8,190","7,872","4,172","3,936","2,125","1,968"
"02 Nov 2022","8,289","7,964","4,223","3,982","2,150","1,991"
"03 Nov 2022","8,224","7,905","4,190","3,952","2,134","1,976"
"04 Nov 2022","8,208","7,889","4,181","3,944","2,129","1,972"
"07 Nov 2022","8,423","8,091","4,291","4,046","2,185","2,023"
"08 Nov 2022","8,415","8,085","4,287","4,042","2,183","2,021"
"09 Nov 2022","8,583","8,251","4,372","4,126","2,227","2,063"
"10 Nov 2022","8,498","8,162","4,329","4,081","2,205","2,041"
"11 Nov 2022","8,649","8,312","4,406","4,156","2,244","2,078"
"14 Nov 2022","8,643","8,290","4,403","4,145","2,242","2,073"
"15 Nov 2022","8,619","8,276","4,391","4,138","2,236","2,069"
"16 Nov 2022","8,560","8,219","4,361","4,110","2,221","2,055"
"17 Nov 2022","8,556","8,216","4,359","4,108","2,220","2,054"
"21 Nov 2022","8,498","8,148","4,329","4,074","2,205","2,037"
"22 Nov 2022","8,465","8,128","4,313","4,064","2,196","2,032"
"23 Nov 2022","8,462","8,118","4,311","4,059","2,195","2,030"
"24 Nov 2022","8,491","8,152","4,325","4,076","2,203","2,038"
"25 Nov 2022","8,337","8,008","4,247","4,004","2,163","2,002"
"29 Nov 2022","8,292","7,959","4,224","3,979","2,151","1,990"
"30 Nov 2022","8,378","8,040","4,268","4,020","2,173","2,010"
"01 Dec 2022","8,339","7,995","4,248","3,997","2,164","1,999"
"02 Dec 2022","8,385","8,059","4,271","4,030","2,175","2,015"
"05 Dec 2022","8,373","8,041","4,266","4,020","2,172","2,010"
"06 Dec 2022","8,242","7,908","4,199","3,954","2,138","1,977"
"07 Dec 2022","8,262","7,934","4,209","3,967","2,143","1,983"
"08 Dec 2022","8,327","7,992","4,242","3,996","2,160","1,998"
"09 Dec 2022","8,336","8,003","4,247","4,002","2,163","2,001"
"12 Dec 2022","8,405","8,060","4,282","4,030","2,180","2,015"
"13 Dec 2022","8,356","8,033","4,257","4,016","2,168","2,008"
"14 Dec 2022","8,475","8,136","4,317","4,068","2,199","2,034"
"15 Dec 2022","8,438","8,098","4,298","4,049","2,189","2,024"
"16 Dec 2022","8,349","8,012","4,253","4,006","2,166","2,003"
"19 Dec 2022","8,418","8,071","4,288","4,036","2,184","2,018"
"20 Dec 2022","8,394","8,059","4,276","4,029","2,178","2,015"
"21 Dec 2022","8,558","8,217","4,360","4,108","2,220","2,054"
"22 Dec 2022","8,546","8,208","4,354","4,104","2,217","2,052"
"23 Dec 2022","8,434","8,098","4,297","4,049","2,188","2,024"
"27 Dec 2022","8,455","8,119","4,307","4,060","2,194","2,030"
"28 Dec 2022","8,508","8,169","4,334","4,084","2,207","2,042"
"29 Dec 2022","8,488","8,149","4,324","4,074","2,202","2,037"
"30 Dec 2022","8,506","8,166","4,333","4,083","2,207","2,042"
"03 Jan 2023","8,551","8,209","4,356","4,104","2,218","2,052"
"04 Jan 2023","8,602","8,258","4,382","4,129","2,232","2,065"
"05 Jan 2023","8,667","8,324","4,415","4,162","2,249","2,081"
"06 Jan 2023","8,552","8,214","4,357","4,107","2,219","2,053"
"09 Jan 2023","8,678","8,332","4,421","4,166","2,251","2,083"
"10 Jan 2023","8,670","8,333","4,417","4,166","2,249","2,083"
"11 Jan 2023","8,707","8,367","4,436","4,183","2,259","2,092"
"12 Jan 2023","8,692","8,346","4,428","4,173","2,255","2,086"
"13 Jan 2023","8,723","8,385","4,444","4,193","2,263","2,096"
"16 Jan 2023","8,816","8,472","4,491","4,236","2,287","2,118"
"17 Jan 2023","8,784","8,440","4,475","4,220","2,279","2,110"
"18 Jan 2023","8,752","8,413","4,459","4,207","2,271","2,103"
"19 Jan 2023","8,738","8,401","4,452","4,200","2,267","2,100"
"20 Jan 2023","8,813","8,469","4,490","4,234","2,286","2,117"
"25 Jan 2023","8,789","8,436","4,477","4,218","2,280","2,109"
"26 Jan 2023","8,799","8,447","4,482","4,224","2,283","2,112"
"27 Jan 2023","8,698","8,350","4,431","4,175","2,257","2,088"
"30 Jan 2023","8,675","8,328","4,419","4,164","2,251","2,082"
"31 Jan 2023","8,659","8,313","4,411","4,157","2,246","2,078"
"01 Feb 2023","8,623","8,286","4,393","4,143","2,237","2,072"
"02 Feb 2023","8,766","8,411","4,466","4,205","2,274","2,103"
"03 Feb 2023","8,658","8,302","4,410","4,151","2,246","2,075"
"07 Feb 2023","8,564","8,201","4,363","4,101","2,222","2,050"
"08 Feb 2023","8,538","8,206","4,349","4,103","2,215","2,051"
"09 Feb 2023","8,553","8,220","4,357","4,110","2,219","2,055"
"10 Feb 2023","8,533","8,192","4,347","4,096","2,214","2,048"
"13 Feb 2023","8,575","8,232","4,368","4,116","2,225","2,058"
"14 Feb 2023","8,566","8,224","4,364","4,112","2,222","2,056"
"15 Feb 2023","8,579","8,240","4,371","4,120","2,226","2,060"
"16 Feb 2023","8,579","8,236","4,370","4,118","2,226","2,059"
"17 Feb 2023","8,600","8,258","4,381","4,129","2,231","2,065"
"20 Feb 2023","8,626","8,282","4,394","4,141","2,238","2,070"
"21 Feb 2023","8,656","8,322","4,410","4,161","2,246","2,080"
"22 Feb 2023","8,660","8,315","4,412","4,158","2,247","2,079"
"23 Feb 2023","8,604","8,271","4,383","4,136","2,232","2,068"
"24 Feb 2023","8,578","8,244","4,370","4,122","2,225","2,061"
"27 Feb 2023","8,568","8,237","4,365","4,119","2,223","2,059"
"28 Feb 2023","8,614","8,270","4,388","4,135","2,235","2,068"
"01 Mar 2023","8,682","8,346","4,423","4,173","2,252","2,086"
"02 Mar 2023","8,713","8,366","4,439","4,183","2,260","2,092"
"03 Mar 2023","8,745","8,396","4,455","4,198","2,269","2,099"
"06 Mar 2023","8,789","8,429","4,478","4,215","2,280","2,107"
"07 Mar 2023","8,767","8,416","4,466","4,208","2,275","2,104"
"08 Mar 2023","8,677","8,325","4,420","4,162","2,251","2,081"
"09 Mar 2023","8,709","8,366","4,437","4,183","2,259","2,092"
"10 Mar 2023","8,786","8,441","4,476","4,221","2,279","2,110"
"13 Mar 2023","8,999","8,621","4,584","4,310","2,335","2,155"
"14 Mar 2023","9,104","8,731","4,638","4,366","2,362","2,183"
"15 Mar 2023","9,036","8,675","4,603","4,338","2,344","2,169"
"16 Mar 2023","9,187","8,813","4,680","4,407","2,383","2,203"
"17 Mar 2023","9,174","8,817","4,674","4,409","2,380","2,204"
"20 Mar 2023","9,392","9,017","4,785","4,508","2,437","2,254"
"21 Mar 2023","9,396","9,029","4,787","4,514","2,438","2,257"
"22 Mar 2023","9,216","8,858","4,695","4,429","2,391","2,215"
"23 Mar 2023","9,293","8,931","4,734","4,465","2,411","2,233"
"24 Mar 2023","9,339","8,975","4,757","4,488","2,423","2,244"
"27 Mar 2023","9,274","8,914","4,724","4,457","2,406","2,228"
"28 Mar 2023","9,181","8,823","4,677","4,412","2,382","2,206"
"29 Mar 2023","9,186","8,826","4,680","4,413","2,383","2,206"
"30 Mar 2023","9,204","8,836","4,689","4,418","2,388","2,209"
"31 Mar 2023","9,276","8,910","4,726","4,455","2,407","2,228"
"03 Apr 2023","9,203","8,831","4,688","4,415","2,388","2,208"
"04 Apr 2023","9,271","8,905","4,723","4,452","2,405","2,226"
"05 Apr 2023","9,429","9,060","4,804","4,530","2,446","2,265"
"06 Apr 2023","9,445","9,068","4,812","4,534","2,450","2,267"
"07 Apr 2023","9,378","9,003","4,777","4,502","2,433","2,251"
"10 Apr 2023","9,362","8,989","4,769","4,495","2,429","2,247"
"11 Apr 2023","9,346","8,974","4,761","4,487","2,452","2,243"
"12 Apr 2023","9,395","9,027","4,786","4,514","2,437","2,257"
"13 Apr 2023","9,423","9,053","4,800","4,527","2,445","2,263"
"14 Apr 2023","9,499","9,134","4,839","4,567","2,464","2,283"
"17 Apr 2023","9,382","9,008","4,779","4,504","2,434","2,252"
"18 Apr 2023","9,355","8,992","4,766","4,496","2,427","2,248"
"19 Apr 2023","9,426","9,050","4,802","4,525","2,446","2,263"
"20 Apr 2023","9,392","9,017","4,785","4,509","2,437","2,254"
"25 Apr 2023","9,372","8,990","4,774","4,495","2,431","2,247"
"26 Apr 2023","9,462","9,093","4,820","4,546","2,455","2,273"
"27 Apr 2023","9,425","9,049","4,802","4,525","2,445","2,262"
"28 Apr 2023","9,395","9,024","4,786","4,512","2,437","2,256"
"02 May 2023","9,387","9,022","4,782","4,511","2,435","2,256"
"03 May 2023","9,530","9,159","4,855","4,580","2,472","2,290"
"05 May 2023","9,653","9,268","4,917","4,634","2,504","2,317"
"08 May 2023","9,499","9,114","4,839","4,557","2,464","2,278"
"09 May 2023","9,510","9,142","4,845","4,571","2,467","2,285"
"10 May 2023","9,622","9,241","4,902","4,621","2,496","2,310"
"11 May 2023","9,598","9,220","4,890","4,610","2,490","2,305"
"12 May 2023","9,579","9,203","4,880","4,602","2,485","2,301"
"15 May 2023","9,552","9,177","4,866","4,589","2,478","2,294"
"16 May 2023","9,605","9,232","4,893","4,616","2,492","2,308"
"17 May 2023","9,537","9,158","4,858","4,579","2,474","2,289"
"18 May 2023","9,510","9,133","4,845","4,566","2,467","2,283"
"19 May 2023","9,441","9,069","4,810","4,534","2,449","2,267"
"22 May 2023","9,522","9,147","4,851","4,573","2,470","2,287"
"23 May 2023","9,511","9,136","4,845","4,568","2,467","2,284"
"24 May 2023","9,589","9,214","4,885","4,607","2,488","2,304"
"25 May 2023","9,557","9,194","4,869","4,597","2,479","2,298"
"26 May 2023","9,520","9,156","4,850","4,578","2,470","2,289"
"29 May 2023","9,490","9,113","4,834","4,556","2,462","2,278"
"30 May 2023","9,496","9,123","4,838","4,561","2,464","2,281"
"31 May 2023","9,550","9,181","4,865","4,591","2,477","2,295"
"01 Jun 2023","9,609","9,243","4,895","4,621","2,493","2,311"
"02 Jun 2023","9,634","9,256","4,908","4,628","2,500","2,314"
"06 Jun 2023","9,552","9,170","4,866","4,585","2,478","2,293"
"07 Jun 2023","9,594","9,226","4,888","4,613","2,489","2,306"
"08 Jun 2023","9,506","9,128","4,843","4,564","2,466","2,282"
"09 Jun 2023","9,602","9,220","4,892","4,610","2,491","2,305"
"12 Jun 2023","9,593","9,224","4,887","4,612","2,489","2,306"
"13 Jun 2023","9,610","9,238","4,896","4,619","2,493","2,309"
"14 Jun 2023","9,532","9,160","4,856","4,580","2,473","2,290"
"15 Jun 2023","9,513","9,141","4,846","4,570","2,468","2,285"
"16 Jun 2023","9,558","9,186","4,869","4,593","2,480","2,296"
"19 Jun 2023","9,589","9,208","4,885","4,604","2,488","2,302"
"20 Jun 2023","9,587","9,213","4,884","4,606","2,487","2,303"
"21 Jun 2023","9,536","9,163","4,858","4,582","2,474","2,291"
"22 Jun 2023","9,522","9,144","4,851","4,572","2,470","2,286"
"23 Jun 2023","9,470","9,109","4,824","4,554","2,457","2,277"
"26 Jun 2023","9,555","9,175","4,868","4,587","2,479","2,294"
"27 Jun 2023","9,543","9,170","4,861","4,585","2,476","2,293"
"28 Jun 2023","9,466","9,101","4,822","4,551","2,456","2,275"
"30 Jun 2023","9,488","9,120","4,833","4,560","2,461","2,280"
"03 Jul 2023","9,485","9,107","4,832","4,554","2,461","2,277"
"04 Jul 2023","9,511","9,137","4,845","4,569","2,467","2,284"
"05 Jul 2023","9,514","9,135","4,847","4,567","2,468","2,284"
"06 Jul 2023","9,479","9,110","4,829","4,555","2,459","2,278"
"07 Jul 2023","9,466","9,095","4,822","4,547","2,456","2,274"
"10 Jul 2023","9,502","9,124","4,840","4,562","2,465","2,281"
"11 Jul 2023","9,537","9,158","4,859","4,579","2,474","2,289"
"12 Jul 2023","9,557","9,175","4,868","4,588","2,479","2,294"
"13 Jul 2023","9,585","9,210","4,883","4,605","2,487","2,302"
"14 Jul 2023","9,447","9,073","4,813","4,537","2,451","2,268"
"17 Jul 2023","9,376","9,018","4,777","4,509","2,433","2,254"
"18 Jul 2023","9,416.62","9,054.3","4,797.15","4,527.15","2,442.99","2,263.57"
"20 Jul 2023","9,567","9,201","4,874","4,600","2,482","2,300"
"21 Jul 2023","9,535","9,159","4,858","4,579","2,474","2,290"
"24 Jul 2023","9,500","9,125","4,840","4,562","2,465","2,281"
"25 Jul 2023","9,478","9,111","4,829","4,555","2,459","2,278"
"26 Jul 2023","9,508","9,138","4,844","4,569","2,467","2,285"
"27 Jul 2023","9,481","9,107","4,830","4,553","2,460","2,277"
"28 Jul 2023","9,394","9,033","4,786","4,516","2,437","2,258"
"31 Jul 2023","9,452","9,083","4,815","4,541","2,452","2,271"
"01 Aug 2023","9,390","9,024","4,784","4,512","2,436","2,256"
"02 Aug 2023","9,360","8,994","4,768","4,497","2,428","2,248"
"03 Aug 2023","9,377","9,017","4,777","4,508","2,433","2,254"
"04 Aug 2023","9,347","8,979","4,761","4,490","2,425","2,245"
"07 Aug 2023","9,382","9,012","4,780","4,506","2,434","2,253"
"08 Aug 2023","9,365","8,993","4,771","4,497","2,430","2,248"
"09 Aug 2023","9,367","9,007","4,772","4,503","2,430","2,252"
"10 Aug 2023","9,293","8,922","4,734","4,461","2,411","2,231"
"11 Aug 2023","9,294","8,929","4,735","4,464","2,411","2,232"
"14 Aug 2023","9,342","8,968","4,759","4,484","2,424","2,242"
"15 Aug 2023","9,355.53","8,992.77","4,766.03","4,496.39","2,427.14","2,248.19"
"16 Aug 2023","9,351","8,989","4,764","4,494","2,426","2,247"
"17 Aug 2023","9,325","8,960","4,750","4,480","2,419","2,240"
"18 Aug 2023","9,311","8,948","4,743","4,474","2,416","2,237"
"21 Aug 2023","9,318","8,956","4,747","4,478","2,417","2,239"
"22 Aug 2023","9,339","8,975","4,758","4,488","2,423","2,244"
"23 Aug 2023","9,379","9,010","4,778","4,505","2,433","2,252"
"24 Aug 2023","9,454","9,078","4,816","4,539","2,453","2,269"
"25 Aug 2023","9,458","9,090","4,818","4,545","2,454","2,272"
"28 Aug 2023","9,429","9,059","4,803","4,530","2,446","2,265"
"29 Aug 2023","9,483","9,112","4,831","4,556","2,460","2,278"
"30 Aug 2023","9,525","9,148","4,852","4,574","2,471","2,287"
"01 Sep 2023","9,534","9,160","4,857","4,580","2,474","2,290"
"04 Sep 2023","9,587","9,186","4,884","4,593","2,487","2,297"
"05 Sep 2023","9,570","9,200","4,875","4,600","2,483","2,300"
"06 Sep 2023","9,547","9,169","4,864","4,585","2,477","2,292"
"07 Sep 2023","9,504","9,139","4,842","4,570","2,466","2,285"
"08 Sep 2023","9,528","9,159","4,854","4,580","2,472","2,290"
"11 Sep 2023","9,520","9,152","4,850","4,576","2,470","2,288"
"12 Sep 2023","9,523","9,157","4,852","4,579","2,471","2,289"
"13 Sep 2023","9,482","9,114","4,830","4,557","2,460","2,279"
"14 Sep 2023","9,484","9,117","4,831","4,559","2,460","2,279"
"15 Sep 2023","9,493","9,125","4,836","4,563","2,463","2,281"
"18 Sep 2023","9,550","9,182","4,865","4,591","2,478","2,295"
"19 Sep 2023","9,616","9,246","4,899","4,623","2,495","2,311"
"20 Sep 2023","9,608","9,239","4,895","4,619","2,493","2,310"
"21 Sep 2023","9,603","9,236","4,892","4,618","2,491","2,309"
"22 Sep 2023","9,559","9,183","4,870","4,591","2,480","2,296"
"25 Sep 2023","9,569","9,197","4,875","4,598","2,483","2,299"
"26 Sep 2023","9,527","9,158","4,853","4,579","2,472","2,289"
"27 Sep 2023","9,471","9,103","4,825","4,552","2,457","2,276"
"29 Sep 2023","9,299","8,942","4,737","4,471","2,412","2,236"
"02 Oct 2023","9,203","8,846","4,688","4,423","2,387","2,211"
"03 Oct 2023","9,130","8,776","4,651","4,388","2,369","2,194"
"04 Oct 2023","9,140","8,780","4,656","4,390","2,371","2,195"
"05 Oct 2023","9,141","8,782","4,657","4,391","2,372","2,195"
"06 Oct 2023","9,125","8,771","4,649","4,385","2,367","2,193"
"09 Oct 2023","9,240","8,882","4,707","4,441","2,397","2,221"
"10 Oct 2023","9,330","8,970","4,753","4,485","2,421","2,242"
"11 Oct 2023","9,332","8,971","4,754","4,485","2,421","2,243"
"12 Oct 2023","9,388","9,020","4,783","4,510","2,436","2,255"
"13 Oct 2023","9,394","9,030","4,786","4,515","2,437","2,258"
"16 Oct 2023","9,674","9,289","4,928","4,645","2,510","2,322"
"17 Oct 2023","9,629","9,259","4,905","4,629","2,498","2,315"
"18 Oct 2023","9,679","9,306","4,931","4,653","2,511","2,326"
"19 Oct 2023","9,857","9,480","5,021","4,740","2,557","2,370"
"20 Oct 2023","10,003","9,613","5,096","4,807","2,595","2,403"
"23 Oct 2023","9,990","9,604","5,089","4,802","2,592","2,401"
"24 Oct 2023","10,023","9,631","5,106","4,815","2,600","2,408"
"25 Oct 2023","10,018","9,630","5,104","4,815","2,599","2,408"
"26 Oct 2023","10,075","9,685","5,132","4,842","2,614","2,421"
"27 Oct 2023","10,066","9,669","5,128","4,834","2,611","2,417"
"30 Oct 2023","10,161","9,768","5,177","4,884","2,636","2,442"
"31 Oct 2023","10,079","9,677","5,135","4,839","2,615","2,419"
"01 Nov 2023","10,035","9,646","5,112","4,823","2,603","2,412"
"02 Nov 2023","10,007","9,619","5,098","4,810","2,596","2,405"
"03 Nov 2023","10,007","9,616","5,098","4,808","2,596","2,404"
"06 Nov 2023","9,888","9,494","5,037","4,747","2,565","2,374"
"07 Nov 2023","9,751","9,359","4,967","4,679","2,530","2,340"
"08 Nov 2023","9,728","9,357","4,956","4,678","2,524","2,339"
"09 Nov 2023","9,698","9,319","4,941","4,660","2,516","2,330"
"10 Nov 2023","9,823","9,436","5,004","4,718","2,548","2,359"
"14 Nov 2023","9,722","9,340","4,953","4,670","2,522","2,335"
"15 Nov 2023","9,709","9,327","4,946","4,663","2,519","2,332"
"16 Nov 2023","9,743","9,351","4,963","4,676","2,528","2,338"
"17 Nov 2023","9,831","9,454","5,008","4,727","2,551","2,364"
"20 Nov 2023","9,784","9,403","4,984","4,701","2,538","2,351"
"21 Nov 2023","9,793","9,414","4,989","4,707","2,541","2,353"
"22 Nov 2023","9,876","9,495","5,031","4,748","2,562","2,374"
"23 Nov 2023","9,911","9,507","5,049","4,753","2,571","2,377"
"24 Nov 2023","9,913","9,519","5,050","4,760","2,572","2,380"
"27 Nov 2023","9,948","9,555","5,068","4,777","2,581","2,389"
"28 Nov 2023","9,948","9,555","5,068","4,777","2,581","2,389"
"29 Nov 2023","10,079","9,690","5,134","4,845","2,615","2,423"
"30 Nov 2023","10,098","9,708","5,145","4,854","2,620","2,427"
"01 Dec 2023","10,115","9,719","5,153","4,860","2,624","2,430"
"04 Dec 2023","10,405","9,992","5,300","4,996","2,699","2,498"
"05 Dec 2023","10,077","9,687","5,134","4,843","2,614","2,422"
"06 Dec 2023","10,019","9,626","5,104","4,813","2,599","2,407"
"07 Dec 2023","10,057","9,657","5,123","4,828","2,609","2,414"
"08 Dec 2023","10,049","9,657","5,119","4,829","2,607","2,414"
"11 Dec 2023","9,927","9,544","5,057","4,772","2,575","2,386"
"12 Dec 2023","9,855","9,462","5,021","4,731","2,557","2,366"
"13 Dec 2023","9,844","9,456","5,015","4,728","2,554","2,364"
"14 Dec 2023","10,074","9,680","5,132","4,840","2,614","2,420"
"15 Dec 2023","10,072","9,668","5,131","4,834","2,613","2,417"
"18 Dec 2023","9,995","9,597","5,092","4,798","2,593","2,399"
"19 Dec 2023","10,109","9,695","5,150","4,848","2,623","2,424"
"20 Dec 2023","10,126","9,727","5,158","4,863","2,627","2,432"
"21 Dec 2023","10,074","9,673","5,132","4,837","2,614","2,418"
"22 Dec 2023","10,105","9,708","5,148","4,854","2,622","2,427"
"26 Dec 2023","10,067","9,666","5,129","4,833","2,612","2,417"
"27 Dec 2023","10,141","9,737","5,166","4,869","2,631","2,434"
"28 Dec 2023","10,208","9,780","5,200","4,890","2,648","2,445"
"29 Dec 2023","10,121","9,718","5,156","4,859","2,626","2,430"
"02 Jan 2024","10,062","9,651","5,126","4,826","2,611","2,413"
"03 Jan 2024","10,105","9,708","5,148","4,854","2,622","2,427"
"04 Jan 2024","10,056","9,660","5,123","4,830","2,609","2,415"
"05 Jan 2024","10,077","9,664","5,134","4,832","2,614","2,416"
"08 Jan 2024","10,091","9,690","5,141","4,845","2,618","2,422"
"09 Jan 2024","10,021","9,631","5,105","4,816","2,600","2,408"
"10 Jan 2024","10,032","9,628","5,111","4,814","2,603","2,407"
"11 Jan 2024","9,984","9,596","5,086","4,798","2,590","2,399"
"12 Jan 2024","10,004","9,617","5,096","4,809","2,595","2,404"
"15 Jan 2024","10,112","9,703","5,151","4,851","2,523","2,426"
"16 Jan 2024","10,194","9,791","5,193","4,896","2,545","2,448"
"17 Jan 2024","10,109","9,715","5,150","4,857","2,623","2,429"
"18 Jan 2024","10,061","9,661","5,125","4,830","2,610","2,415"
"19 Jan 2024","10,132","9,738","5,161","4,869","2,628","2,434"
"22 Jan 2024","10,143","9,740","5,167","4,870","2,632","2,435"
"23 Jan 2024","10,148","9,749","5,170","4,874","2,633","2,437"
"24 Jan 2024","10,171","9,767","5,182","4,883","2,639","2,442"
"26 Jan 2024","10,146","9,750","5,169","4,875","2,632","2,437"
"29 Jan 2024","10,141","9,747","5,166","4,873","2,631","2,437"
"30 Jan 2024","10,194","9,799","5,193","4,900","2,645","2,450"
"31 Jan 2024","10,217","9,821","5,205","4,910","2,651","2,455"
"02 Feb 2024","10,299","9,903","5,247","4,952","2,672","2,476"
"05 Feb 2024","10,256","9,859","5,225","4,929","2,661","2,465"
"06 Feb 2024","10,236","9,837","5,215","4,919","2,656","2,459"
"07 Feb 2024","10,274","9,873","5,234","4,936","2,665","2,468"
"08 Feb 2024","10,291","9,888","5,243","4,944","2,670","2,472"
"09 Feb 2024","10,318","9,903","5,256","4,951","2,677","2,476"
"13 Feb 2024","10,198","9,793","5,195","4,896","2,646","2,448"
"14 Feb 2024","10,111","9,719","5,151","4,859","2,623","2,430"
"15 Feb 2024","10,104","9,711","5,148","4,855","2,621","2,428"
"16 Feb 2024","10,149","9,755","5,170","4,877","2,633","2,439"
"19 Feb 2024","10,211","9,801","5,202","4,901","2,649","2,450"
"20 Feb 2024","10,242","9,839","5,218","4,920","2,657","2,460"
"21 Feb 2024","10,291","9,886","5,243","4,943","2,670","2,472"
"22 Feb 2024","10,298","9,899","5,246","4,950","2,672","2,475"
"23 Feb 2024","10,266","9,867","5,230","4,934","2,663","2,467"
"26 Feb 2024","10,295","9,894","5,245","4,947","2,671","2,474"
"27 Feb 2024","10,299","9,898","5,247","4,949","2,672","2,474"
"28 Feb 2024","10,254","9,846","5,224","4,923","2,660","2,462"
"29 Feb 2024","10,292","9,893","5,243","4,947","2,670","2,473"
"01 Mar 2024","10,281","9,873","5,238","4,937","2,667","2,468"
"04 Mar 2024","10,437","10,029","5,317","5,015","2,708","2,507"
"05 Mar 2024","10,593","10,182","5,396","5,091","2,748","2,546"
"06 Mar 2024","10,723","10,308","5,463","5,154","2,782","2,577"
"07 Mar 2024","10,739","10,324","5,271","5,162","2,686","2,581"
"08 Mar 2024","10,724","10,309","5,463","5,154","2,782","2,577"
"11 Mar 2024","10,841","10,422","5,523","5,211","2,813","2,606"
"12 Mar 2024","10,839","10,417","5,522","5,208","2,812","2,604"
"13 Mar 2024","10,725","10,306","5,464","5,153","2,782","2,576"
"14 Mar 2024","10,802","10,388","5,503","5,194","2,802","2,597"
"15 Mar 2024","10,783","10,366","5,493","5,183","2,797","2,592"
"18 Mar 2024","10,787","10,344","5,495","5,172","2,798","2,586"
"19 Mar 2024","10,836","10,404","5,520","5,202","2,811","2,601"
"20 Mar 2024","10,830","10,409","5,517","5,204","2,810","2,602"
"21 Mar 2024","10,967","10,549","5,587","5,274","2,845","2,637"
"22 Mar 2024","10,964","10,539","5,585","5,269","2,844","2,635"
"25 Mar 2024","10,877","10,457","5,541","5,228","2,822","2,614"
"26 Mar 2024","10,887","10,470","5,546","5,235","2,825","2,617"
"27 Mar 2024","10,919","10,495","5,562","5,248","2,833","2,624"
"29 Mar 2024","11,233","10,799","5,723","5,400","2,914","2,700"
"01 Apr 2024","11,294","10,859","5,754","5,429","2,930","2,715"
"02 Apr 2024","11,327","10,893","5,770","5,447","2,939","2,723"
"03 Apr 2024","11,505","11,058","5,861","5,529","2,985","2,764"
"04 Apr 2024","11,556","11,109","5,887","5,555","2,998","2,777"
"05 Apr 2024","11,502","11,057","5,860","5,529","2,984","2,764"
"08 Apr 2024","11,631","11,179","5,925","5,590","3,018","2,795"
"09 Apr 2024","11,794","11,331","6,008","5,666","3,060","2,833"
"12 Apr 2024","12,034","11,535","6,130","5,767","3,122","2,884"
"15 Apr 2024","11,960","11,488","6,093","5,744","3,103","2,872"
"16 Apr 2024","12,104","11,635","6,166","5,818","3,140","2,909"
"17 Apr 2024","12,106","11,639","6,167","5,820","3,141","2,910"
"18 Apr 2024","12,025","11,563","6,126","5,782","3,120","2,891"
"19 Apr 2024","12,071","11,607","6,150","5,804","3,132","2,902"
"22 Apr 2024","12,099","11,627","6,164","5,813","3,139","2,907"
"23 Apr 2024","11,823","11,369","6,023","5,684","3,067","2,842"
"24 Apr 2024","11,765","11,302","5,993","5,651","3,052","2,826"
"25 Apr 2024","11,759","11,304","5,990","5,652","3,051","2,826"
"26 Apr 2024","11,805","11,350","6,014","5,675","3,063","2,837"
"29 Apr 2024","11,835","11,361","6,029","5,681","3,070","2,840"
"30 Apr 2024","11,800","11,337","6,011","5,668","3,061","2,834"
"02 May 2024","11,757","11,300","5,989","5,650","3,050","2,825"
"03 May 2024","11,573","11,113","5,896","5,556","3,002","2,778"
"06 May 2024","11,526","11,069","5,872","5,534","2,990","2,767"
"07 May 2024","11,716","11,257","5,969","5,629","3,040","2,814"
"08 May 2024","11,643","11,194","5,931","5,597","3,021","2,799"
"09 May 2024","11,611","11,159","5,915","5,580","3,012","2,790"
"10 May 2024","11,788","11,331","6,005","5,665","3,058","2,833"
"13 May 2024","11,883","11,412","6,054","5,706","3,083","2,853"
"14 May 2024","11,741","11,286","5,982","5,643","3,046","2,822"
"15 May 2024","11,764","11,308","5,993","5,654","3,052","2,827"
"16 May 2024","11,870","11,413","6,047","5,706","3,080","2,853"
"17 May 2024","11,870","11,413","6,047","5,706","3,080","2,853"
"20 May 2024","12,028","11,567","6,127","5,783","3,120","2,892"
"21 May 2024","12,076","11,607","6,152","5,803","3,133","2,902"
"23 May 2024","11,908","11,420","6,067","5,710","3,089","2,855"
"24 May 2024","11,657","11,208","5,939","5,803","3,024","2,802"
"27 May 2024","11,683","11,210","5,952","5,605","3,031","2,803"
"28 May 2024","11,706","11,252","5,963","5,626","3,037","2,813"
"29 May 2024","11,746","11,294","5,984","5,647","3,047","2,824"
"30 May 2024","11,692","11,224","5,956","5,612","3,033","2,806"
"31 May 2024","11,703","11,251","5,962","5,625","3,036","2,813"
"04 Jun 2024","11,688","11,238","5,954","5,619","3,032","2,810"
"05 Jun 2024","11,608","11,151","5,914","5,576","3,012","2,788"
"06 Jun 2024","11,737","11,282","5,979","5,641","3,045","2,820"
"07 Jun 2024","11,842","11,376","6,033","5,688","3,072","2,844"
"10 Jun 2024","11,488","11,031","5,853","5,516","2,980","2,758"
"11 Jun 2024","11,584","11,125","5,901","5,563","3,005","2,781"
"12 Jun 2024","11,591","11,137","5,905","5,569","3,007","2,784"
"13 Jun 2024","11,592","11,143","5,905","5,571","3,007","2,786"
"14 Jun 2024","11,509","11,050","5,863","5,525","2,986","2,763"
"18 Jun 2024","11,604","11,152","5,911","5,576","3,010","2,788"
"19 Jun 2024","11,641","11,179","5,930","5,590","3,020","2,795"
"20 Jun 2024","11,642","11,178","5,931","5,589","3,020","2,795"
"21 Jun 2024","11,823","11,367","6,023","5,683","3,067","2,842"
"24 Jun 2024","11,607","11,155","5,913","5,578","3,011","2,789"
"25 Jun 2024","11,645","11,182","5,932","5,591","3,021","2,795"
"26 Jun 2024","11,593","11,138","5,906","5,569","3,008","2,785"
"27 Jun 2024","11,498","11,054","5,857","5,527","2,983","2,763"
"28 Jun 2024","11,649","11,187","5,934","5,593","3,022","2,797"
"01 Jul 2024","11,627","11,172","5,923","5,586","3,016","2,793"
"02 Jul 2024","11,688","11,224","5,954","5,612","3,032","2,806"
"03 Jul 2024","11,662","11,207","5,941","5,604","3,025","2,802"
"04 Jul 2024","11,778","11,316","6,000","5,658","3,056","2,829"
"05 Jul 2024","11,775","11,313","5,999","5,657","3,055","2,828"
"09 Jul 2024","11,810","11,344","6,016","5,672","3,064","2,836"
"10 Jul 2024","11,816","11,353","6,020","5,677","3,066","2,838"
"11 Jul 2024","11,820","11,353","6,022","5,676","3,067","2,838"
"12 Jul 2024","11,932","11,469","6,078","5,735","3,095","2,867"
"15 Jul 2024","11,955","11,482","6,090","5,741","3,102","2,870"
"16 Jul 2024","12,004","11,534","6,115","5,767","3,114","2,884"
"17 Jul 2024","12,240","11,757","6,236","5,879","3,176","2,939"
"18 Jul 2024","12,150","11,679","6,190","5,840","3,152","2,920"
"19 Jul 2024","12,047","11,580","6,137","5,790","3,126","2,895"
"22 Jul 2024","11,964","11,499","6,095","5,749","3,104","2,875"
"23 Jul 2024","11,901","11,439","6,063","5,719","3,088","2,860"
"24 Jul 2024","11,935","11,477","6,080","5,739","3,096","2,869"
"25 Jul 2024","11,874","11,410","6,049","5,705","3,081","2,853"
"26 Jul 2024","11,690","11,240","5,955","5,620","3,033","2,810"
"29 Jul 2024","11,847","11,386","6,035","5,693","3,073","2,847"
"30 Jul 2024","11,711","11,254","5,966","5,627","3,038","2,814"
"31 Jul 2024","11,789","11,334","6,006","5,667","3,058","2,833"
"01 Aug 2024","11,868","11,407","6,046","5,704","3,079","2,852"
"02 Aug 2024","11,849","11,390","6,037","5,695","3,074","2,847"
"05 Aug 2024","11,452","10,986","5,834","5,493","2,971","2,747"
"06 Aug 2024","11,398","10,928","5,806","5,464","2,957","2,732"
"07 Aug 2024","11,328","10,860","5,771","5,430","2,939","2,715"
"08 Aug 2024","11,345","10,898","5,779","5,449","2,943","2,725"
"09 Aug 2024","11,510","11,054","5,863","5,527","2,986","2,764"
"12 Aug 2024","11,375","10,921","5,795","5,461","2,951","2,730"
"13 Aug 2024","11,695","11,219","5,958","5,610","3,034","2,805"
"14 Aug 2024","11,573","11,110","5,896","5,555","3,002","2,777"
"15 Aug 2024","11,536","11,076","5,877","5,538","2,993","2,769"
"16 Aug 2024","11,620","11,161","5,920","5,581","3,015","2,790"
"19 Aug 2024","11,702","11,237","5,961","5,619","3,036","2,809"
"20 Aug 2024","11,615","11,157","5,917","5,579","3,013","2,789"
"21 Aug 2024","11,657","11,179","5,939","5,589","3,024","2,795"
"22 Aug 2024","11,649","11,194","5,935","5,597","3,022","2,799"
"23 Aug 2024","11,587","11,119","5,903","5,560","3,006","2,780"
"26 Aug 2024","11,605","11,112","5,912","5,556","3,011","2,778"
"27 Aug 2024","11,621","11,161","5,920","5,580","3,015","2,790"
"28 Aug 2024","11,642","11,164","5,931","5,582","3,020","2,791"
"29 Aug 2024","11,577","11,123","5,898","5,562","3,003","2,781"
"30 Aug 2024","11,537","11,051","5,877","5,526","2,993","2,763"
"02 Sep 2024","11,511","11,029","5,864","5,515","2,986","2,757"
"03 Sep 2024","11,553","11,070","5,886","5,535","2,997","2,768"
"04 Sep 2024","11,550","11,094","5,884","5,547","2,996","2,773"
"05 Sep 2024","11,482","11,034","5,850","5,517","2,979","2,758"
"06 Sep 2024","11,581","11,114","5,900","5,557","3,004","2,779"
"09 Sep 2024","11,534","11,057","5,876","5,528","2,992","2,764"
"10 Sep 2024","11,617","11,151","5,918","5,576","3,014","2,788"
"11 Sep 2024","11,595","11,141","5,907","5,570","3,008","2,785"
"12 Sep 2024","11,585","11,104","5,902","5,552","3,006","2,776"
"13 Sep 2024","11,722","11,266","5,972","5,633","3,041","2,817"
"17 Sep 2024","11,786","11,315","6,004","5,657","3,058","2,829"
"18 Sep 2024","11,673","11,187","5,947","5,593","3,028","2,797"
"19 Sep 2024","11,565","11,077","5,892","5,538","3,000","2,769"
"20 Sep 2024","11,600","11,109","5,909","5,555","3,009","2,777"
"23 Sep 2024","11,689","11,215","5,955","5,607","3,033","2,804"
"24 Sep 2024","11,708","11,250","5,964","5,625","3,037","2,813"
"25 Sep 2024","11,623","11,148","5,921","5,574","3,015","2,787"
"26 Sep 2024","11,699","11,233","5,960","5,617","3,035","2,808"
"27 Sep 2024","11,681","11,196","5,950","5,598","3,030","2,799"
"30 Sep 2024","11,625","11,162","5,922","5,581","3,016","2,790"
"01 Oct 2024","11,624","11,132","5,922","5,566","3,016","2,783"
"02 Oct 2024","11,778","11,306","6,000","5,653","3,056","2,827"
"03 Oct 2024","11,897","11,397","6,061","5,698","3,087","2,849"
"04 Oct 2024","11,903","11,414","6,064","5,707","3,088","2,854"
"07 Oct 2024","11,996","11,480","6,111","5,740","3,112","2,870"
"08 Oct 2024","12,005","11,529","6,116","5,765","3,115","2,882"
"09 Oct 2024","11,942","11,473","6,084","5,737","3,098","2,868"
"10 Oct 2024","11,874","11,400","6,049","5,700","3,081","2,850"
"11 Oct 2024","11,980","11,506","6,103","5,753","3,108","2,877"
"14 Oct 2024","12,074","11,578","6,151","5,789","3,132","2,895"
"15 Oct 2024","12,078","11,600","6,153","5,800","3,133","2,900"
"16 Oct 2024","12,174","11,679","6,202","5,840","3,158","2,920"
"17 Oct 2024","12,225","11,734","6,228","5,867","3,172","2,933"
"18 Oct 2024","12,352","11,831","6,293","5,915","3,205","2,958"
"21 Oct 2024","12,439","11,933","6,337","5,966","3,227","2,983"
"22 Oct 2024","12,499","11,976","6,367","5,988","3,243","2,994"
"23 Oct 2024","12,633","12,117","6,435","6,058","3,277","3,029"
"24 Oct 2024","12,575","12,056","6,406","6,028","3,262","3,014"
"25 Oct 2024","12,613","12,102","6,426","6,051","3,272","3,026"
"28 Oct 2024","12,628","12,105","6,433","6,053","3,276","3,026"
"29 Oct 2024","12,704","12,193","6,472","6,096","3,296","3,048"
"30 Oct 2024","12,901","12,370","6,572","6,185","3,347","3,092"
"01 Nov 2024","12,736","12,207","6,488","6,103","3,304","3,052"
"04 Nov 2024","12,721","12,213","6,480","6,106","3,300","3,053"
"05 Nov 2024","12,701","12,200","6,470","6,100","3,295","3,050"
"06 Nov 2024","12,636","12,130","6,437","6,065","3,278","3,033"
"07 Nov 2024","12,461","11,959","6,348","5,980","3,233","2,990"
"08 Nov 2024","12,664","12,127","6,452","6,063","3,285","3,032"
"11 Nov 2024","12,524","12,017","6,380","6,008","3,249","3,004"
"12 Nov 2024","12,300","11,798","6,266","5,899","3,291","2,950"
"13 Nov 2024","12,246","11,756","6,239","5,878","3,177","2,939"
"14 Nov 2024","12,204","11,717","6,217","5,859","3,166","2,929"
"15 Nov 2024","12,209","11,741","6,220","5,870","3,168","2,935"
"18 Nov 2024","12,209","11,722","6,220","5,861","3,168","2,931"
"19 Nov 2024","12,387","11,893","6,311","5,947","3,214","2,973"
"20 Nov 2024","12,490","11,992","6,363","5,996","3,240","2,998"
"21 Nov 2024","12,601","12,099","6,420","6,049","3,269","3,025"
"22 Nov 2024","12,693","12,191","6,466","6,095","3,293","3,048"
"25 Nov 2024","12,868","12,355","6,556","6,178","3,339","3,089"
"26 Nov 2024","12,429","11,929","6,332","5,964","3,224","2,982"
"27 Nov 2024","12,442","11,947","6,339","5,974","3,228","2,987"
"28 Nov 2024","12,419","11,927","6,327","5,963","3,222","2,982"
"29 Nov 2024","12,420","11,936","6,327","5,968","3,222","2,984"
"02 Dec 2024","12,491","11,988","6,363","5,994","3,240","2,997"
"03 Dec 2024","12,527","12,026","6,382","6,013","3,250","3,007"
"04 Dec 2024","12,534","12,034","6,385","6,017","3,252","3,009"
"05 Dec 2024","12,482","11,981","6,359","5,991","3,238","2,995"
"06 Dec 2024","12,360","11,853","6,297","5,927","3,207","2,963"
"09 Dec 2024","12,341","11,841","6,287","5,921","3,202","2,960"
"10 Dec 2024","12,502","12,008","6,369","6,004","3,243","3,002"
"11 Dec 2024","12,675","12,177","6,457","6,089","3,288","3,044"
"12 Dec 2024","12,795","12,280","6,518","6,140","3,319","3,070"
"13 Dec 2024","12,651","12,132","6,445","6,066","3,282","3,033"
"16 Dec 2024","12,513","12,012","6,374","6,066","3,246","3,033"
"17 Dec 2024","12,520","12,034","6,378","6,017","3,248","3,009"
"18 Dec 2024","12,547","12,047","6,392","6,023","3,255","3,012"
"19 Dec 2024","12,400","11,919","6,317","5,959","3,217","2,980"
"20 Dec 2024","12,410","11,914","6,322","5,957","3,220","2,979"
"23 Dec 2024","12,510","12,010","6,373","6,005","3,246","3,003"
"24 Dec 2024","12,468","11,969","6,352","5,985","3,235","2,992"
"26 Dec 2024","12,463","11,946","6,349","5,973","3,233","2,987"
"27 Dec 2024","12,496","11,976","6,366","5,988","3,242","2,994"
"30 Dec 2024","12,447","11,926","6,341","5,963","3,229","2,982"
"31 Dec 2024","12,356","11,847","6,394","5,923","3,205","2,962"
"02 Jan 2025","12,513","11,973","6,374","5,987","3,246","2,993"
"03 Jan 2025","12,664","12,175","6,451","6,088","3,285","3,044"
"06 Jan 2025","12,607","12,077","6,422","6,039","3,271","3,019"
"07 Jan 2025","12,603","12,104","6,421","6,052","3,270","3,026"
"08 Jan 2025","12,655","12,153","6,447","6,077","3,283","3,038"
"09 Jan 2025","12,747","12,239","6,494","6,120","3,307","3,060"
"10 Jan 2025","12,765","12,260","6,503","6,130","3,312","3,065"
"13 Jan 2025","12,910","12,383","6,577","6,191","3,349","3,096"
"14 Jan 2025","12,732","12,225","6,486","6,112","3,303","3,056"
"15 Jan 2025","12,778","12,267","6,509","6,133","3,315","3,067"
"16 Jan 2025","12,860","12,347","6,551","6,174","3,336","3,087"
"17 Jan 2025","12,966","12,452","6,605","6,226","3,364","3,113"
"20 Jan 2025","12,894","12,371","6,569","6,185","3,345","3,093"
"21 Jan 2025","12,816","12,310","6,529","6,155","3,325","3,078"
"22 Jan 2025","12,997","12,479","6,621","6,239","3,372","3,120"
"23 Jan 2025","12,976","12,467","6,611","6,233","3,366","3,117"
"24 Jan 2025","12,995","12,478","6,620","6,239","3,371","3,119"
"27 Jan 2025","12,897","12,388","6,570","6,194","3,346","3,097"
"28 Jan 2025","12,778","12,270","6,509","6,135","3,315","3,068"
"31 Jan 2025","13,060","12,544","6,653","6,272","3,388","3,136"
"03 Feb 2025","13,351","12,833","6,801","6,416","3,464","3,208"
"04 Feb 2025","13,292","12,767","6,771","6,384","3,448","3,192"
"05 Feb 2025","13,420","12,853","6,837","6,426","3,482","3,213"
"06 Feb 2025","13,439","12,915","6,846","6,457","3,487","3,229"
"07 Feb 2025","13,432","12,908","6,843","6,454","3,485","3,227"
"10 Feb 2025","13,577","13,026","6,816","6,513","3,522","3,257"
"12 Feb 2025","13,759","13,194","7,009","6,597","3,569","3,298"
"13 Feb 2025","13,782","13,244","7,021","6,622","3,575","3,311"
"14 Feb 2025","13,814","13,235","7,037","6,617","3,584","3,309"
"17 Feb 2025","13,581","13,031","6,919","6,516","3,523","3,258"
"18 Feb 2025","13,650","13,120","6,954","6,560","3,541","3,280"
"19 Feb 2025","13,829","13,290","7,045","6,645","3,588","3,322"
"20 Feb 2025","13,867","13,317","7,064","6,658","3,598","3,329"
"21 Feb 2025","13,787","13,234","7,023","6,617","3,577","3,308"
"24 Feb 2025","13,738","13,203","6,999","6,602","3,564","3,301"
"25 Feb 2025","13,834","13,263","7,048","6,631","3,589","3,316"
"26 Feb 2025","13,702","13,163","6,980","6,581","3,555","3,291"
"27 Feb 2025","13,706","13,174","6,982","6,587","3,556","3,293"
"28 Feb 2025","13,637","13,109","6,947","6,555","3,538","3,277"
"03 Mar 2025","13,578","13,036","6,917","6,518","3,523","3,259"
"04 Mar 2025","13,701","13,164","6,980","6,582","3,555","3,291"
"05 Mar 2025","13,771","13,207","7,016","6,604","3,573","3,302"
"06 Mar 2025","13,673","13,135","6,966","6,567","3,547","3,284"
"07 Mar 2025","13,648","13,119","6,953","6,560","3,541","3,280"
"10 Mar 2025","13,658","13,095","6,958","6,547","3,543","3,274"
"11 Mar 2025","13,564","13,032","6,910","6,516","3,519","3,258"
"12 Mar 2025","13,658","13,116","6,958","6,558","3,543","3,279"
"13 Mar 2025","13,817","13,266","7,039","6,633","3,585","3,316"
"14 Mar 2025","14,074","13,513","7,170","6,756","3,651","3,378"
"17 Mar 2025","14,088","13,526","7,177","6,763","3,655","3,381"
"19 Mar 2025","14,286","13,727","7,278","6,863","3,706","3,432"
"20 Mar 2025","14,359","13,778","7,315","6,889","3,725","3,444"
"21 Mar 2025","14,292","13,732","7,281","6,866","3,708","3,433"
"24 Mar 2025","14,170","13,612","7,219","6,806","3,676","3,403"
"25 Mar 2025","14,199","13,644","7,234","6,822","3,684","3,411"
"26 Mar 2025","14,214","13,653","7,241","6,827","3,688","3,413"
"27 Mar 2025","14,249","13,680","7,259","6,840","3,697","3,420"
"28 Mar 2025","14,401","13,829","7,336","6,914","3,736","3,457"
"02 Apr 2025","14,718","14,131","7,498","7,065","3,818","3,533"
"03 Apr 2025","14,995","14,413","7,639","7,207","3,890","3,603"
"04 Apr 2025","14,612","14,040","7,444","7,020","3,791","3,510"
"07 Apr 2025","14,142","13,582","7,204","6,791","3,669","3,396"
"08 Apr 2025","14,216","13,660","7,242","6,830","3,688","3,415"
"09 Apr 2025","14,229","13,670","7,249","6,835","3,691","3,418"
"10 Apr 2025","14,667","14,093","7,472","7,047","3,805","3,523"
"11 Apr 2025","15,086","14,484","7,686","7,242","3,914","3,621"
"14 Apr 2025","15,118","14,513","7,702","7,256","3,922","3,628"
"15 Apr 2025","15,057","14,461","7,671","7,231","3,906","3,615"
"16 Apr 2025","15,268","14,660","7,778","7,330","3,961","3,665"
"17 Apr 2025","15,659","15,051","7,977","7,525","4,062","3,763"
"18 Apr 2025","15,603","14,987","7,949","7,494","4,048","3,747"
"21 Apr 2025","15,580","14,883","7,937","7,442","4,042","3,721"
"22 Apr 2025","15,940","15,302","8,120","7,651","4,135","3,825"
"23 Apr 2025","15,712","15,085","8,004","7,542","4,076","3,771"
"24 Apr 2025","15,547","14,930","7,920","7,465","4,033","3,732"
"25 Apr 2025","15,614","14,984","7,954","7,492","4,051","3,746"
"28 Apr 2025","15,363","14,743","7,826","7,371","3,986","3,686"
"29 Apr 2025","15,388","14,756","7,839","7,378","3,992","3,689"
"30 Apr 2025","15,242","14,635","7,765","7,318","3,954","3,659"
"02 May 2025","14,899","14,296","7,590","7,148","3,865","3,574"
"05 May 2025","14,632","14,014","7,454","7,007","3,796","3,503"
"06 May 2025","14,917","14,311","7,599","7,156","3,870","3,578"
"07 May 2025","15,178","14,558","7,732","7,279","3,938","3,640"
"08 May 2025","15,276","14,624","7,782","7,312","3,963","3,656"
"09 May 2025","15,139","14,507","7,713","7,254","3,928","3,627"
"13 May 2025","14,907","14,280","7,594","7,140","3,867","3,570"
"14 May 2025","14,877","14,264","7,579","7,132","3,859","3,566"
"15 May 2025","14,547","13,946","7,411","6,973","3,774","3,487"
"16 May 2025","14,734","14,112","7,506","7,056","3,822","3,528"
"19 May 2025","14,820","14,206","7,550","7,103","3,845","3,551"
"20 May 2025","14,695","14,095","7,486","7,047","3,812","3,524"
"21 May 2025","14,994","14,409","7,638","7,205","3,890","3,602"
"22 May 2025","15,024","14,406","7,654","7,203","3,898","3,602"
"23 May 2025","14,999","14,376","7,641","7,188","3,891","3,594"
"26 May 2025","14,979","14,388","7,631","7,194","3,886","3,597"
"27 May 2025","14,885","14,305","7,583","7,152","3,862","3,576"
"29 May 2025","14,733","14,140","7,505","7,070","3,822","3,535"
"30 May 2025","14,845","14,260","7,563","7,130","3,851","3,565"
"03 Jun 2025","15,224","14,589","7,755","7,294","3,950","3,647"
"04 Jun 2025","15,155","14,532","7,720","7,266","3,932","3,633"
"05 Jun 2025","15,209","14,558","7,748","7,279","3,946","3,640"
"06 Jun 2025","15,086","14,491","7,685","7,245","3,914","3,623"
"09 Jun 2025","14,901","14,313","7,591","7,157","3,866","3,578"
"10 Jun 2025","14,936","14,343","7,609","7,172","3,875","3,586"
"11 Jun 2025","14,963","14,372","7,622","7,186","3,882","3,593"
"12 Jun 2025","15,100","14,504","7,692","7,252","3,917","3,626"
"13 Jun 2025","15,292","14,666","7,790","7,333","3,967","3,666"
"16 Jun 2025","15,549","14,928","7,921","7,464","4,034","3,732"
"17 Jun 2025","15,318","14,705","7,804","7,353","3,974","3,676"
"18 Jun 2025","15,281","14,662","7,785","7,331","3,965","3,665"
"19 Jun 2025","15,245","14,628","7,766","7,314","3,955","3,657"
"20 Jun 2025","15,205","14,566","7,746","7,283","3,945","3,642"
"23 Jun 2025","15,245","14,640","7,766","7,320","3,955","3,660"
"24 Jun 2025","15,131","14,529","7,708","7,264","3,925","3,632"
"25 Jun 2025","14,986","14,376","7,634","7,188","3,888","3,594"
"26 Jun 2025","14,963","14,354","7,623","7,177","3,882","3,588"
"30 Jun 2025","14,660","14,073","7,468","7,037","3,803","3,518"
"01 Jul 2025","14,742","14,164","7,510","7,082","3,825","3,541"
"02 Jul 2025","14,899","14,296","7,590","7,148","3,865","3,574"
"03 Jul 2025","14,980","14,374","7,631","7,187","3,886","3,594"
"04 Jul 2025","14,948","14,344","7,615","7,172","3,878","3,586"
"07 Jul 2025","14,918","14,270","7,600","7,135","3,870","3,568"
"08 Jul 2025","15,012","14,411","7,648","7,206","3,895","3,603"
"09 Jul 2025","14,910","14,312","7,596","7,156","3,868","3,578"
"10 Jul 2025","14,968","14,333","7,625","7,167","3,883","3,583"
"11 Jul 2025","15,010","14,425","7,647","7,213","3,894","3,606"
"14 Jul 2025","15,220","14,596","7,753","7,298","3,949","3,649"
"15 Jul 2025","15,129","14,517","7,707","7,259","3,925","3,629"
"16 Jul 2025","15,044","14,459","7,664","7,230","3,903","3,615"
"17 Jul 2025","15,065","14,442","7,675","7,221","3,908","3,610"
"18 Jul 2025","15,063","14,447","7,674","7,223","3,908","3,612"
"21 Jul 2025","15,093","14,489","7,689","7,245","3,916","3,622"
"22 Jul 2025","15,242","14,624","7,765","7,312","3,954","3,656"
"23 Jul 2025","15,396","14,785","7,843","7,392","3,994","3,696"
"24 Jul 2025","15,205","14,579","7,746","7,290","3,945","3,645"
"25 Jul 2025","15,094","14,502","7,689","7,251","3,916","3,625"
"28 Jul 2025","14,950","14,341","7,616","7,171","3,878","3,585"
"29 Jul 2025","14,903","14,273","7,592","7,136","3,866","3,568"
"30 Jul 2025","14,979","14,362","7,631","7,181","3,886","3,591"
"31 Jul 2025","14,848","14,264","7,564","7,132","3,852","3,566"
"01 Aug 2025","14,912","14,298","7,597","7,149","3,869","3,574"
"04 Aug 2025","15,159","14,505","7,723","7,253","3,933","3,626"
"05 Aug 2025","15,174","14,552","7,730","7,276","3,937","3,638"
"06 Aug 2025","15,170","14,556","7,728","7,278","3,936","3,639"
"07 Aug 2025","15,095","14,508","7,690","7,254","3,916","3,627"
"08 Aug 2025","15,258","14,658","7,773","7,329","3,958","3,664"
"11 Aug 2025","15,274","14,639","7,781","7,319","3,963","3,660"
"12 Aug 2025","15,094","14,492","7,689","7,246","3,916","3,623"
"13 Aug 2025","14,977","14,393","7,630","7,196","3,885","3,598"
"14 Aug 2025","15,059","14,454","7,671","7,227","3,907","3,614"
"15 Aug 2025","14,924","14,335","7,603","7,168","3,872","3,584"
"18 Aug 2025","14,946","14,339","7,614","7,170","3,877","3,585"
"19 Aug 2025","14,978","14,384","7,630","7,192","3,886","3,596"
"20 Aug 2025","14,882","14,284","7,582","7,142","3,861","3,571"
"21 Aug 2025","14,994","14,403","7,639","7,210","3,890","3,601"
"22 Aug 2025","14,979","14,378","7,631","7,189","3,886","3,595"
"25 Aug 2025","15,039","14,432","7,661","7,216","3,902","3,608"
"26 Aug 2025","15,085","14,493","7,685","7,246","3,913","3,623"
"27 Aug 2025","15,198","14,578","7,742","7,289","3,943","3,644"
"28 Aug 2025","15,221","14,614","7,754","7,307","3,949","3,653"
"29 Aug 2025","15,256","14,645","7,772","7,323","3,958","3,661"
"02 Sep 2025","15,610","14,975","7,952","7,488","4,050","3,744"
"03 Sep 2025","15,931","15,301","8,116","7,650","4,133","3,825"
"04 Sep 2025","15,943","15,294","8,122","7,647","4,136","3,824"
"08 Sep 2025","16,069","15,431","8,186","7,716","4,169","3,858"
"09 Sep 2025","16,260","15,600","8,283","7,800","4,218","3,900"
"10 Sep 2025","16,243","15,602","8,275","7,801","4,214","3,901"
"11 Sep 2025","16,310","15,652","8,309","7,826","4,231","3,913"
"12 Sep 2025","16,236","15,595","8,271","7,798","4,212","3,899"
"17 Sep 2025","16,419","15,754","8,364","7,877","4,260","3,939"
"18 Sep 2025","16,352","15,660","8,330","7,830","4,242","3,915"
"19 Sep 2025","16,247","15,602","8,277","7,801","4,215","3,901"
"22 Sep 2025","16,492","15,828","8,402","7,914","4,279","3,957"
"23 Sep 2025","16,699","16,038","8,507","8,019","4,332","4,009"
"24 Sep 2025","16,754","16,101","8,535","8,050","4,347","4,025"
"25 Sep 2025","16,789","16,113","8,553","8,057","4,356","4,028"
"26 Sep 2025","16,796","16,120","8,557","8,060","4,358","4,030"
"29 Sep 2025","16,879","16,180","8,599","8,090","4,379","4,045"
"30 Sep 2025","17,166","16,438","8,745","8,219","4,453","4,110"
"01 Oct 2025","17,271","16,578","8,798","8,289","4,481","4,144"
"02 Oct 2025","17,225","16,533","8,775","8,267","4,469","4,133"
"03 Oct 2025","17,237","16,561","8,781","8,280","4,472","4,140"
"06 Oct 2025","17,452","16,759","8,890","8,380","4,528","4,190"
"07 Oct 2025","17,744","17,046","9,040","8,523","4,603","4,262"
"08 Oct 2025","17,897","17,170","9,117","8,585","4,643","4,293"
"09 Oct 2025","17,970","17,251","9,155","8,626","4,662","4,313"
"10 Oct 2025","17,888","17,179","9,113","8,589","4,641","4,295"
"13 Oct 2025","18,168","17,425","9,255","8,712","4,713","4,356"
"14 Oct 2025","18,495","17,774","9,422","8,887","4,798","4,444"
"15 Oct 2025","18,695","17,951","9,424","8,976","4,850","4,488"
"16 Oct 2025","18,900","18,135","9,628","9,068","4,903","4,534"
"17 Oct 2025","19,532","18,777","9,950","9,388","5,067","4,694"
"21 Oct 2025","19,528","18,744","9,948","9,372","5,066","4,686"
"22 Oct 2025","18,131","17,409","9,236","8,705","4,704","4,352"
"23 Oct 2025","18,355","17,619","9,351","8,809","4,762","4,405"
"24 Oct 2025","18,509","17,781","9,429","8,890","4,802","4,445"
"27 Oct 2025","18,239","17,503","9,292","8,751","4,732","4,376"
"28 Oct 2025","17,800","17,104","9,068","8,552","4,618","4,276"
"29 Oct 2025","17,614","16,929","8,973","8,465","4,570","4,232"
"30 Oct 2025","17,616","16,911","8,974","8,455","4,570","4,228"
"31 Oct 2025","17,976","17,256","9,157","8,628","4,664","4,314"
"03 Nov 2025","17,727","16,969","9,031","8,484","4,599","4,242"
"04 Nov 2025","17,821","17,107","9,078","8,554","4,623","4,277"
"05 Nov 2025","17,566","16,873","8,949","8,436","4,557","4,218"
"06 Nov 2025","17,681","16,983","9,007","8,492","4,587","4,246"
"07 Nov 2025","17,699","16,991","9,017","8,495","4,592","4,248"
"10 Nov 2025","17,808","17,081","9,072","8,540","4,620","4,270"
"11 Nov 2025","18,196","17,469","9,270","8,735","4,721","4,367"
"12 Nov 2025","18,187","17,450","9,265","8,725","4,718","4,363"
"13 Nov 2025","18,360","17,646","9,353","8,823","4,763","4,412"
"14 Nov 2025","18,355","17,631","9,351","8,815","4,762","4,408"
"17 Nov 2025","17,938","17,219","9,138","8,610","4,654","4,305"
"18 Nov 2025","17,790","17,078","9,063","8,539","4,615","4,269"
"19 Nov 2025","18,003","17,292","9,171","8,646","4,670","4,323"
"20 Nov 2025","18,120","17,413","9,231","8,707","4,701","4,353"
"21 Nov 2025","18,008","17,295","9,174","8,648","4,672","4,324"
"24 Nov 2025","17,892","17,155","9,115","8,577","4,642","4,289"
"25 Nov 2025","18,173","17,454","9,258","8,727","4,715","4,363"
"26 Nov 2025","18,136","17,403","9,239","8,702","4,705","4,351"
"27 Nov 2025","18,265","17,544","9,305","8,772","4,739","4,386"
"28 Nov 2025","18,266","17,532","9,305","8,766","4,739","4,383"
"01 Dec 2025","18,526","17,771","9,438","8,885","4,806","4,443"
"02 Dec 2025","18,541","17,805","9,445","8,902","4,810","4,451"
"03 Dec 2025","18,432","17,709","9,390","8,854","4,782","4,427"
"04 Dec 2025","18,389","17,655","9,368","8,827","4,771","4,414"
"05 Dec 2025","18,369","17,648","9,358","8,824","4,766","4,412"
"08 Dec 2025","18,364","17,577","9,355","8,788","4,764","4,394"
"09 Dec 2025","18,330","17,596","9,338","8,798","4,755","4,399"
"10 Dec 2025","18,406","17,669","9,377","8,834","4,775","4,417"
"11 Dec 2025","18,444","17,717","9,396","8,859","4,785","4,429"
"12 Dec 2025","18,605","17,888","9,478","8,944","4,827","4,472"
"15 Dec 2025","18,733","17,987","9,543","8,993","4,860","4,497"
"16 Dec 2025","18,715","17,965","9,334","8,982","4,855","4,491"
"17 Dec 2025","18,700","17,933","9,526","8,966","4,851","4,483"
"18 Dec 2025","18,819","18,078","9,587","9,039","4,882","4,520"
"19 Dec 2025","18,786","18,046","9,570","9,023","4,874","4,874"
"22 Dec 2025","18,883","18,126","9,620","9,063","4,899","4,531"
"23 Dec 2025","19,279","18,513","9,821","9,256","5,002","4,628"
"24 Dec 2025","19,444","18,666","9,905","9,333","5,044","4,667"
"26 Dec 2025","19,331","18,556","9,848","9,278","5,015","4,639"
"29 Dec 2025","19,377","18,584","9,871","9,292","5,027","4,646"
"30 Dec 2025","18,720","17,960","9,536","8,980","4,856","4,490"
"31 Dec 2025","18,669","17,924","9,511","8,962","4,843","4,481"
"02 Jan 2026","18,723","17,965","9,538","8,983","4,857","4,491"
"05 Jan 2026","18,858","18,100","9,607","9,050","4,893","4,525"
"06 Jan 2026","19,153","18,385","9,757","9,192","4,969","4,596"
"07 Jan 2026","19,316","18,544","9,840","9,272","5,011","4,636"
"08 Jan 2026","19,249","18,464","9,806","9,232","4,994","4,616"
"09 Jan 2026","19,311","18,534","9,837","9,267","5,010","4,633"
"12 Jan 2026","19,706","18,920","10,039","9,460","5,112","4,730"
"13 Jan 2026","19,800","19,013","10,087","9,507","5,137","4,753"
"14 Jan 2026","19,863","19,074","10,119","9,537","5,153","4,768"
"15 Jan 2026","19,827","19,041","10,101","9,521","5,144","4,760"
"16 Jan 2026","19,823","19,028","10,099","9,514","5,143","4,757"
"19 Jan 2026","20,105","19,320","10,242","9,660","5,216","4,830"
"20 Jan 2026","20,073","19,280","10,226","9,640","5,208","4,820"
"21 Jan 2026","20,539","19,734","10,463","9,867","5,328","4,934"
"22 Jan 2026","20,592","19,781","10,490","9,890","5,342","4,945"
"23 Jan 2026","21,218","20,367","10,809","10,184","5,505","5,092"
"26 Jan 2026","21,258","20,409","10,829","10,205","5,515","5,102"
"27 Jan 2026","21,261","20,405","10,831","10,202","5,516","5,101"
"28 Jan 2026","21,558","20,684","10,982","10,342","5,593","5,171"
"29 Jan 2026","22,779","21,863","11,604","10,932","5,910","5,466"
"30 Jan 2026","22,708","21,793","11,568","10,896","5,891","5,448"
"03 Feb 2026","20,070","19,257","10,224","9,628","5,207","4,814"
"04 Feb 2026","20,738","19,904","10,564","9,952","5,380","4,976"
"05 Feb 2026","20,905","20,065","10,650","10,033","5,424","5,016"
"06 Feb 2026","19,830","19,031","10,102","9,516","5,145","4,758"
"09 Feb 2026","21,109","20,258","10,753","10,129","5,476","5,065"
"10 Feb 2026","21,037","20,196","10,717","10,098","5,458","5,049"
"11 Feb 2026","20,983","20,160","10,689","10,080","5,444","5,040"
"12 Feb 2026","21,064","20,202","10,731","10,101","5,465","5,051"
"13 Feb 2026","20,425","19,576","10,405","9,788","5,299","4,894"
"16 Feb 2026","20,834","19,935","10,614","9,968","5,405","4,984"
"19 Feb 2026","20,682","19,813","10,536","9,907","5,366","4,953"
"20 Feb 2026","20,722","19,881","10,557","9,941","5,376","4,970"
"23 Feb 2026","21,199","20,331","10,800","10,166","5,500","5,083"
"24 Feb 2026","21,585","20,717","10,996","10,359","5,600","5,179"
"25 Feb 2026","21,251","20,394","10,826","10,197","5,513","5,098"
"26 Feb 2026","21,339","20,494","10,871","10,247","5,536","5,123"
"27 Feb 2026","21,390","20,530","10,897","10,265","5,549","5,132"
"02 Mar 2026","22,337","21,437","11,379","10,718","5,795","5,359"
"03 Mar 2026","22,271","21,373","11,346","10,687","5,779","5,343"
"04 Mar 2026","21,399","20,539","10,901","10,270","5,552","5,135"
"05 Mar 2026","21,583","20,710","10,995","10,355","5,599","5,178"
"06 Mar 2026","21,337","20,485","10,870","10,242","5,536","5,121"
"09 Mar 2026","21,299","20,390","10,850","10,195","5,526","5,097"
"10 Mar 2026","21,554","20,675","10,980","10,338","5,592","5,169"
"11 Mar 2026","21,663","20,761","11,036","10,380","5,620","5,190"
"12 Mar 2026","21,458","20,593","10,931","10,296","5,567","5,148"
"13 Mar 2026","21,301","20,416","10,851","10,208","5,526","5,104"
"16 Mar 2026","20,977","20,111","10,686","10,056","5,442","5,028"
"17 Mar 2026","20,882","20,007","10,638","10,004","5,418","5,002"
"18 Mar 2026","20,855","19,991","10,624","9,996","5,410","4,998"
"19 Mar 2026","20,241","19,430","10,311","9,715","5,251","4,858"
"24 Mar 2026","18,466","17,717","9,407","8,859","4,791","4,429"
"25 Mar 2026","19,049","18,293","9,704","9,147","4,942","4,573"
"26 Mar 2026","19,002","18,239","9,680","9,119","4,930","4,560"
"27 Mar 2026","18,724","17,957","9,539","8,978","4,858","4,489"
"30 Mar 2026","19,017","18,240","9,688","9,120","4,934","4,560"
"31 Mar 2026","19,247","18,456","9,805","9,228","4,993","4,614"
"01 Apr 2026","20,072","19,264","10,225","9,632","5,207","4,816"
"02 Apr 2026","20,439","19,619","10,412","9,810","5,303","4,905"
"03 Apr 2026","20,228","18,281","10,312","9,140","5,255","4,570"
"06 Apr 2026","19,814","18,995","10,094","9,498","5,140","4,749"
"07 Apr 2026","19,910","19,121","10,143","9,561","5,165","4,780"
"08 Apr 2026","20,595","19,769","10,492","9,884","5,343","4,942"
"09 Apr 2026","19,897","19,074","10,136","9,537","5,162","4,769"
"10 Apr 2026","20,080","19,273","10,229","9,637","5,209","4,818"
"13 Apr 2026","19,767","18,916","10,070","9,458","5,128","4,729"
"14 Apr 2026","20,029","19,254","10,203","9,627","5,196","4,813"
"15 Apr 2026","20,274","19,459","10,328","9,730","5,260","4,865"
"16 Apr 2026","20,220","19,433","10,301","9,716","5,246","4,858"
"17 Apr 2026","20,139","19,323","10,260","9,662","5,225","4,831"
"20 Apr 2026","19,980","19,153","10,178","9,577","5,183","4,788"
"21 Apr 2026","20,242","19,419","10,312","9,710","5,252","4,855"
"22 Apr 2026","19,937","19,136","10,157","9,568","5,172","4,784"
"23 Apr 2026","19,839","19,061","10,107","9,531","5,147","4,765"
"24 Apr 2026","19,792","18,997","10,083","9,499","5,135","4,749"
"27 Apr 2026","19,694","18,893","10,033","9,447","5,109","4,723"
"28 Apr 2026","19,708","18,936","10,040","9,468","5,113","4,734"
"29 Apr 2026","19,289","18,528","9,826","9,264","5,004","4,632"
"30 Apr 2026","19,149","18,396","9,755","9,198","4,968","4,599"
"04 May 2026","19,398","18,622","9,882","9,311","5,033","4,655"
"05 May 2026","19,027","18,273","9,693","9,136","4,936","4,568"